Item Type;Publication Year;Author;Title;Publication Title;Pages;Num Pages;Volume;Series;Place;Extra;Notes;Correspondance Sudoc;Correspondance BnF
book;1900;Ibsen, Henrik;"canard sauvage ; Rosmersholm";;;326 s.;;;Paris;;Elektronisk reproduksjon [Norge] Nasjonalbiblioteket Digital 2010-10-06;['http://www.sudoc.fr/101114516'];['http://catalogue.bnf.fr/ark:/12148/cb387628149']
book;1900;Johannessen, Axel;dilatation hypertrophique du gros intestin chez l'infant;;;23 s. ill.;;;Paris;;;Pas de notice trouvée dans le Sudoc;Pas de notice trouvée dans le catalogue de la BnF
journalArticle;1900;"Ibsen, Henrik; Prozor, M.";Quand nous nous réveillerons d'entre les morts : épilogue en trois actes;La Revue de Paris;S. [5]-53;;Année 7, no 1(1. Jan. 1900);;;Place: Paris;;['http://www.sudoc.fr/16820052X'];Pas de notice trouvée dans le catalogue de la BnF
book;1900;"Ibsen, Henrik; Prozor, M.";Quand nous nous réveillerons d'entre les morts : drame en trois actes;;;220 s.;;;Paris;;Elektronisk reproduksjon [Norge] Nasjonalbiblioteket Digital 2013-01-09;['http://www.sudoc.fr/16820052X'];Pas de notice trouvée dans le catalogue de la BnF
book;1900;"Parrot, A.; Det Norske misjonsselskap";Petite histoire élémentaire de Madagascar et de ses relations avec la France;;;107 s.;;;Paris;;Forfatterens navn i forordet;Pas de notice trouvée dans le Sudoc;Pas de notice trouvée dans le catalogue de la BnF
book;1901;Johansen, Hjalmar;Avec Nansen au Pôle nord;;;255 s.;;;Geneve;;Elektronisk reproduksjon [Norge] Nasjonalbiblioteket Digital 2011-10-08;['http://www.sudoc.fr/110801725'];Pas de notice trouvée dans le catalogue de la BnF
book;1901;Bjørnson, Bjørnstjerne;Laboremus;;;213 s.;;;Paris;;;['http://www.sudoc.fr/102690669', 'http://www.sudoc.fr/102691622', 'http://www.sudoc.fr/063098725'];['http://catalogue.bnf.fr/ark:/12148/cb30108899k', 'http://catalogue.bnf.fr/ark:/12148/cb30108900z', 'http://catalogue.bnf.fr/ark:/12148/cb387042842']
book;1901;"Bjørnson, Bjørnstjerne; Monnier, Auguste; Littmanson, Leopold";Au-delà des forces : première et deuxième partie;;;363 s.;;Bibliothèque cosmopolite;Paris;;;Pas de notice trouvée dans le Sudoc;Pas de notice trouvée dans le catalogue de la BnF
journalArticle;1901;"Bjørnson, Bjørnstjerne; Clemenceau, Georges";De l'intellectualité française : a Monsieur Georges Clemenceau;La Revue blanche;S. [259]-260;;T. 27(1901) = No.193;;;;;Pas de notice trouvée dans le Sudoc;Pas de notice trouvée dans le catalogue de la BnF
journalArticle;1901;Hamsun, Knut;Pan;La Revue blanche;S. [261]-276;;T. 27(1901) = No.193;;;;Utgitt som føljetong. Fortsettelse av 15. mars, 1. og 15. april, 1. og 15. mai og 1. juni 1901. Avsluttes i dette nr.;['http://www.sudoc.fr/102670757'];['http://catalogue.bnf.fr/ark:/12148/cb34944734h']
journalArticle;1901;Bjørnson, Bjørnstjerne;M. Larroumet et l'Europe;La Revue blanche;;;T. 25(1901) = No.190;;;;"Offentliggjort samtidig i ""Verdens gang"", nektet opptatt i ""Le Temps"" som svar på Larroumets artikkel 22/4";Pas de notice trouvée dans le Sudoc;Pas de notice trouvée dans le catalogue de la BnF
book;1901;"Hamsun, Knut; Rémusat, Martine";Pan : roman;;;305 s.;;;Paris;;;Pas de notice trouvée dans le Sudoc;Pas de notice trouvée dans le catalogue de la BnF
book;1901;"Bjørnson, Bjørnstjerne; Lugné-Poë, Aurélien Marie";"Au-dessus des forces humaines : Drame en six actes, en deux parties ; Ire Partie, deux actes ; IIe partie, quatre actes ; Traduit par M. Lugné-Poë avec l'autorisation et l'approbation de l`àuteur";;;388 s.;;;Paris;;;['http://www.sudoc.fr/253982456', 'http://www.sudoc.fr/219441049', 'http://www.sudoc.fr/181093081', 'http://www.sudoc.fr/267150474', 'http://www.sudoc.fr/084111569', 'http://www.sudoc.fr/125414528', 'http://www.sudoc.fr/25394838X', 'http://www.sudoc.fr/219788855', 'http://www.sudoc.fr/260288497', 'http://www.sudoc.fr/152525319', 'http://www.sudoc.fr/196722683', 'http://www.sudoc.fr/024069450', 'http://www.sudoc.fr/106177559', 'http://www.sudoc.fr/158698932', 'http://www.sudoc.fr/149348487', 'http://www.sudoc.fr/138158800', 'http://www.sudoc.fr/13389049X', 'http://www.sudoc.fr/042654084', 'http://www.sudoc.fr/065183290', 'http://www.sudoc.fr/099890763', 'http://www.sudoc.fr/224279564', 'http://www.sudoc.fr/186909217', 'http://www.sudoc.fr/114247536', 'http://www.sudoc.fr/221798250', 'http://www.sudoc.fr/221798234', 'http://www.sudoc.fr/101309163', 'http://www.sudoc.fr/142919586', 'http://www.sudoc.fr/204727057', 'http://www.sudoc.fr/099687984', 'http://www.sudoc.fr/201297108', 'http://www.sudoc.fr/132231107', 'http://www.sudoc.fr/07606736X', 'http://www.sudoc.fr/254309186', 'http://www.sudoc.fr/236095595', 'http://www.sudoc.fr/265915848', 'http://www.sudoc.fr/120684519', 'http://www.sudoc.fr/223705217', 'http://www.sudoc.fr/132304120', 'http://www.sudoc.fr/192192884', 'http://www.sudoc.fr/180891413', 'http://www.sudoc.fr/278372929', 'http://www.sudoc.fr/025807188', 'http://www.sudoc.fr/102293635', 'http://www.sudoc.fr/223328332', 'http://www.sudoc.fr/13106343X', 'http://www.sudoc.fr/085031410', 'http://www.sudoc.fr/045281092', 'http://www.sudoc.fr/059890940', 'http://www.sudoc.fr/198546858', 'http://www.sudoc.fr/265837030', 'http://www.sudoc.fr/265836115', 'http://www.sudoc.fr/117665908', 'http://www.sudoc.fr/254667775', 'http://www.sudoc.fr/254915051', 'http://www.sudoc.fr/255000863', 'http://www.sudoc.fr/233087346', 'http://www.sudoc.fr/084461039', 'http://www.sudoc.fr/227537734', 'http://www.sudoc.fr/221510168', 'http://www.sudoc.fr/110213769', 'http://www.sudoc.fr/030436885', 'http://www.sudoc.fr/253482925', 'http://www.sudoc.fr/082233470', 'http://www.sudoc.fr/096657162', 'http://www.sudoc.fr/255146922', 'http://www.sudoc.fr/197656838', 'http://www.sudoc.fr/200725645', 'http://www.sudoc.fr/186101902', 'http://www.sudoc.fr/244184623', 'http://www.sudoc.fr/265448026', 'http://www.sudoc.fr/04909307X', 'http://www.sudoc.fr/107481936', 'http://www.sudoc.fr/274222523', 'http://www.sudoc.fr/163121796', 'http://www.sudoc.fr/224298097', 'http://www.sudoc.fr/070519129', 'http://www.sudoc.fr/121128881', 'http://www.sudoc.fr/260703249', 'http://www.sudoc.fr/125914695', 'http://www.sudoc.fr/02692630X', 'http://www.sudoc.fr/188867473', 'http://www.sudoc.fr/184664373', 'http://www.sudoc.fr/05666852X', 'http://www.sudoc.fr/135822211', 'http://www.sudoc.fr/01483314X', 'http://www.sudoc.fr/263161366', 'http://www.sudoc.fr/158661125', 'http://www.sudoc.fr/101694946', 'http://www.sudoc.fr/188616489', 'http://www.sudoc.fr/129197084', 'http://www.sudoc.fr/047249692', 'http://www.sudoc.fr/139109269', 'http://www.sudoc.fr/044401981', 'http://www.sudoc.fr/106283626', 'http://www.sudoc.fr/254217575', 'http://www.sudoc.fr/254132677', 'http://www.sudoc.fr/15763521X', 'http://www.sudoc.fr/059193964', 'http://www.sudoc.fr/021981841', 'http://www.sudoc.fr/264634691'];Pas de notice trouvée dans le catalogue de la BnF
book;1901;"Bjørnson, Bjørnstjerne; Rémusat, Martine";Laboremus;;;219 s. 18 cm;;;Paris;;Elektronisk reproduksjon [Norge] Nasjonalbiblioteket Digital 2021-01-23;Pas de notice trouvée dans le Sudoc;['http://catalogue.bnf.fr/ark:/12148/cb30108899k', 'http://catalogue.bnf.fr/ark:/12148/cb30108900z', 'http://catalogue.bnf.fr/ark:/12148/cb387042842']
book;1901;Bjørnson, Bjørnstjerne;"roi  : drame en quatre actes ; Le journaliste : drame en quatre actes";;;301 s.;;Bibliotheque Cosmopolite;Paris;;;Pas de notice trouvée dans le Sudoc;['http://catalogue.bnf.fr/ark:/12148/cb359589122']
journalArticle;1901;Bjørnson, Bjørnstjerne;châtiment;Carmen pro invictis;Side 53;;;;;Place: N. Veenstra;;Pas de notice trouvée dans le Sudoc;Pas de notice trouvée dans le catalogue de la BnF
book;1902;"Ibsen, Henrik; Trigant-Geneste, Jacques";"prétendants a la couronne ; Les guerriers a Helgeland";;;326 s.;;Bibliothèque cosmopolite;Paris;;Elektronisk reproduksjon [Norge] Nasjonalbiblioteket Digital 2010-10-06;Pas de notice trouvée dans le Sudoc;['http://catalogue.bnf.fr/ark:/12148/cb306325702']
book;1902;"Ibsen, Henrik; Colleville, Ludovic; Zepelin, F. de";Catilina : drame en trois actes et en vers;;;219 s.;;;Paris;;Elektronisk reproduksjon [Norge] Nasjonalbiblioteket Digital 2010-03-17;Pas de notice trouvée dans le Sudoc;Pas de notice trouvée dans le catalogue de la BnF
book;1902;"Ibsen, Henrik; Casanove, Ch. de Bigault de";Empereur et Galiléen;;;XXIV, 360 s.;;Bibliothèque cosmopolite;Paris;;;Pas de notice trouvée dans le Sudoc;['http://catalogue.bnf.fr/ark:/12148/cb30632566t']
book;1902;"Ibsen, Henrik; Colleville, Ludovic, comte de; Zepelin, F. de";Poésies complètes;;;XII, 226 s., pl. port.;;;Paris;;"Elektronisk reproduksjon [Norge] Nasjonalbiblioteket Digital 2010-05-21; ""Précédées d'une étude par les traducteurs et d'une notice biographique par G. Brandes"" - Tittelbladet";['http://www.sudoc.fr/046250751'];['http://catalogue.bnf.fr/ark:/12148/cb30632535j', 'http://catalogue.bnf.fr/ark:/12148/cb30632536w', 'http://catalogue.bnf.fr/ark:/12148/cb416558619']
journalArticle;1902;Ibsen, Henrik;Catilina : drame en trois actes et en vers;La Plume;S. [945]-971, 1013-1045, 1086-1121;;Année 14, no 320, 321, 322(15. août, 1. sept., 15. sept. 1902);;;Place: Paris;;Pas de notice trouvée dans le Sudoc;Pas de notice trouvée dans le catalogue de la BnF
book;1902;"Ibsen, Henrik; Bertrand, Pierre; Nevers, Edmond de";"soutiens de la société ; L'union des jeunes";;;309 s.;;Bibliothéque cosmopolite;Paris;;Elektronisk reproduksjon [Norge] Nasjonalbiblioteket Digital 2010-11-12;['http://www.sudoc.fr/016822315'];['http://catalogue.bnf.fr/ark:/12148/cb306325853', 'http://catalogue.bnf.fr/ark:/12148/cb41891852j']
book;1902;"Ibsen, Henrik; Zepelin, F. de; Colleville, Ludovic, comte de";Madame Inger à Ostraat : pièce historique en cinq actes;;;252 s.;;;Paris;;Elektronisk reproduksjon [Norge] Nasjonalbiblioteket Digital 2014-12-12;Pas de notice trouvée dans le Sudoc;Pas de notice trouvée dans le catalogue de la BnF
book;1903;"Ibsen, Henrik; Zepelin, F. de; Colleville, Ludovic";"fête à Solhaug ; L'ennemi du peuple  : Pièces en vers et en prose";;;248 s.;;;Paris;;Elektronisk reproduksjon [Norge] Nasjonalbiblioteket Digital 2015-01-21;['http://www.sudoc.fr/097392286', 'http://www.sudoc.fr/066352185', 'http://www.sudoc.fr/048453498', 'http://www.sudoc.fr/08716132X'];Pas de notice trouvée dans le catalogue de la BnF
journalArticle;1903;Bjørnson, Bjørnstjerne;union des peuples germaniques;L'Européen;ca. 1/4 sp.;;1903 nr. 73, 25/4;;;;"Brev til en av redaktørene, Arne Hammer; Også på norsk i ""Politiken"" 28/4";Pas de notice trouvée dans le Sudoc;Pas de notice trouvée dans le catalogue de la BnF
book;1903;Malm, O.;lutte actuelle contre la tuberculose bovine;;;40 s.;;;Kristiania;;;['http://www.sudoc.fr/135220920'];Pas de notice trouvée dans le catalogue de la BnF
journalArticle;1903;Bjørnson, Bjørnstjerne;solidarité des peuples;L'Européen;ca. 1 sp.;;1903 nr. 87, 1/8;;;;"Også på norsk (""Folkenes Samhørighed"") i ""Aftenposten"" 1/8; Om hvordan utenlandske lån til Russland opprettholder uholdbare tilstander der";Pas de notice trouvée dans le Sudoc;Pas de notice trouvée dans le catalogue de la BnF
book;1903;Bjørnson, Bjørnstjerne;intellectualite francaise;;;S. 47-48;;;Paris;;Artikkel fra: Pages libres, Paris 1903 no.106;Pas de notice trouvée dans le Sudoc;Pas de notice trouvée dans le catalogue de la BnF
book;1903;"Ibsen, Henrik; Colleville, Ludovic, comte de; Zepelin, Fritz de";"Ölaf Liljekrans ; Le tumulus : drames historiques en vers et en prose";;;253 s.;;;Paris;;"Elektronisk reproduksjon [Norge] Nasjonalbiblioteket Digital 2010-09-25; Originaltitler: Olaf Liljekrans ; Kjæmpehøien";Pas de notice trouvée dans le Sudoc;Pas de notice trouvée dans le catalogue de la BnF
book;1903;Ibsen, Henrik;comedie de l'amour  : pièce en trois actes;;;;;;Paris;;;['http://www.sudoc.fr/101114656', 'http://www.sudoc.fr/066352193', 'http://www.sudoc.fr/052959430', 'http://www.sudoc.fr/08716132X', 'http://www.sudoc.fr/048453498', 'http://www.sudoc.fr/097392286', 'http://www.sudoc.fr/066352185', 'http://www.sudoc.fr/065411846', 'http://www.sudoc.fr/048453382', 'http://www.sudoc.fr/066352215', 'http://www.sudoc.fr/047499389'];Pas de notice trouvée dans le catalogue de la BnF
book;1903;"Ibsen, Henrik; Darzens, Rodolphe";revenants  : drame familial en trois actes;;;VIII, 140 s. faks.;;A la méme librairie, Littérature scandinave;Paris;;;Pas de notice trouvée dans le Sudoc;Pas de notice trouvée dans le catalogue de la BnF
journalArticle;1903;Bjørnson, Bjørnstjerne;petits oiseaux chanteurs  : a propos d'un incident a la chambre française;L'Européen;ca. 1 1/2 sp.;;1903 nr. 104, 28/11;;;;"Også i oversettelse i ""Aftenposten"" 1/12: De smaa Sangfugle : Folkenes Solidaritet; Over tittelen: Encore une fois la solidarité des peuples";Pas de notice trouvée dans le Sudoc;Pas de notice trouvée dans le catalogue de la BnF
book;1903;"Ibsen, Henrik; Prozor, Comte; Prozor, M.";Brand : poème dramatique en 5 actes;;;XXIII, 278 s.;;;Paris;;;Pas de notice trouvée dans le Sudoc;Pas de notice trouvée dans le catalogue de la BnF
book;1904;"Ibsen, Henrik; Prozor, M.";"revenants ; Maison de poupee";;;XXVII, 279 s.;;;Paris;;"Elektronisk reproduksjon [Norge] Nasjonalbiblioteket Digital 2010-10-06; Originaltitler: Gengangere ; Et dukkehjem";['http://www.sudoc.fr/122769066'];Pas de notice trouvée dans le catalogue de la BnF
journalArticle;1904;Bjørnson, Bjørnstjerne;Quelques mots sur l'Italie;L'Européen;ca. 4 sp.;;1904 nr. 129, 21/5;;;;"I anledning Hans E. Kincks bok ""Italienere""; Også på norsk (Lidt om Italien) i ""Aftenposten"" 22/5";Pas de notice trouvée dans le Sudoc;Pas de notice trouvée dans le catalogue de la BnF
journalArticle;1904;Bjørnson, Bjørnstjerne;[La France est-elle décadente?];L'Européen;[5] linjer;;1904 nr. 121, 26/3;;;;"Bjørnsons og andres svar gjengis på norsk (Er Frankrige i Forfald?) i ""Verdens Gang"" 30/3; Svar på enquête";['http://www.sudoc.fr/267243944', 'http://www.sudoc.fr/268744106', 'http://www.sudoc.fr/252247124', 'http://www.sudoc.fr/228882311', 'http://www.sudoc.fr/174479751', 'http://www.sudoc.fr/236412116', 'http://www.sudoc.fr/256998507', 'http://www.sudoc.fr/100035515', 'http://www.sudoc.fr/236848321', 'http://www.sudoc.fr/232850127', 'http://www.sudoc.fr/25698574X', 'http://www.sudoc.fr/159408768', 'http://www.sudoc.fr/23459456X', 'http://www.sudoc.fr/234757310', 'http://www.sudoc.fr/14269875X', 'http://www.sudoc.fr/236238353', 'http://www.sudoc.fr/232948690', 'http://www.sudoc.fr/121723798', 'http://www.sudoc.fr/235817090', 'http://www.sudoc.fr/189374136', 'http://www.sudoc.fr/221808566', 'http://www.sudoc.fr/25026093X', 'http://www.sudoc.fr/257869093', 'http://www.sudoc.fr/145580075', 'http://www.sudoc.fr/234532866', 'http://www.sudoc.fr/234494891', 'http://www.sudoc.fr/249988747', 'http://www.sudoc.fr/248490443', 'http://www.sudoc.fr/234574356', 'http://www.sudoc.fr/22134831X', 'http://www.sudoc.fr/176614109', 'http://www.sudoc.fr/095627693', 'http://www.sudoc.fr/138002584', 'http://www.sudoc.fr/267806655', 'http://www.sudoc.fr/234710098', 'http://www.sudoc.fr/148624081', 'http://www.sudoc.fr/020006470', 'http://www.sudoc.fr/139248226', 'http://www.sudoc.fr/26785434X', 'http://www.sudoc.fr/230141684', 'http://www.sudoc.fr/255396635', 'http://www.sudoc.fr/241784433', 'http://www.sudoc.fr/099943565', 'http://www.sudoc.fr/199632200', 'http://www.sudoc.fr/059438657', 'http://www.sudoc.fr/151860076', 'http://www.sudoc.fr/232946701', 'http://www.sudoc.fr/121786870', 'http://www.sudoc.fr/23279992X', 'http://www.sudoc.fr/204522986', 'http://www.sudoc.fr/257437770', 'http://www.sudoc.fr/232965927', 'http://www.sudoc.fr/051764431', 'http://www.sudoc.fr/132552345', 'http://www.sudoc.fr/248538918', 'http://www.sudoc.fr/171027523', 'http://www.sudoc.fr/088682080', 'http://www.sudoc.fr/025777602', 'http://www.sudoc.fr/229549144', 'http://www.sudoc.fr/272896675', 'http://www.sudoc.fr/230072321', 'http://www.sudoc.fr/161923569', 'http://www.sudoc.fr/139177361', 'http://www.sudoc.fr/171033035', 'http://www.sudoc.fr/229581420', 'http://www.sudoc.fr/15297119X', 'http://www.sudoc.fr/084979305', 'http://www.sudoc.fr/099998106', 'http://www.sudoc.fr/004023587', 'http://www.sudoc.fr/27700800X', 'http://www.sudoc.fr/257323961', 'http://www.sudoc.fr/164892648', 'http://www.sudoc.fr/271441879', 'http://www.sudoc.fr/248476521', 'http://www.sudoc.fr/244320276', 'http://www.sudoc.fr/176647163', 'http://www.sudoc.fr/04539542X', 'http://www.sudoc.fr/023903465', 'http://www.sudoc.fr/23295089X', 'http://www.sudoc.fr/204517001', 'http://www.sudoc.fr/237888203', 'http://www.sudoc.fr/061044164', 'http://www.sudoc.fr/234499087', 'http://www.sudoc.fr/157235130', 'http://www.sudoc.fr/172952972', 'http://www.sudoc.fr/244204861', 'http://www.sudoc.fr/046144668', 'http://www.sudoc.fr/219441049', 'http://www.sudoc.fr/236971409', 'http://www.sudoc.fr/097978531', 'http://www.sudoc.fr/248395807', 'http://www.sudoc.fr/08515556X', 'http://www.sudoc.fr/15532036X', 'http://www.sudoc.fr/167236571', 'http://www.sudoc.fr/141144335', 'http://www.sudoc.fr/104578408', 'http://www.sudoc.fr/234707232', 'http://www.sudoc.fr/148319874', 'http://www.sudoc.fr/155293419', 'http://www.sudoc.fr/154425915'];Pas de notice trouvée dans le catalogue de la BnF
book;1904;Bjørnson, Bjørnstjerne;"gant  : comedie en trois actes ; Le nouveau systeme : piece en cinq actes";;;351 s.;;Bibliotheque cosmopolite;Paris;;;['http://www.sudoc.fr/025788868'];['http://catalogue.bnf.fr/ark:/12148/cb31821279c']
journalArticle;1904;"Ibsen, Henrik; Bjørnson, Bjørnstjerne; Rémusat, Martine";Lettres de Henrik Ibsen a Bjørnstjerne Bjørnson;La Revue;S. 1-22;;Année 15, vol. 52, no. 17 (1904);;;Place: Paris;;Pas de notice trouvée dans le Sudoc;Pas de notice trouvée dans le catalogue de la BnF
journalArticle;1904;Bjørnson, Bjørnstjerne;Le moment psychologique : [la guerre entre la Russie et le Japon];Le Courrier européen;2 sp.;;1904, 23/12;;;;"Også på norsk (Det psykologiske Moment) i ""Verdens Gang"" 23/12";Pas de notice trouvée dans le Sudoc;Pas de notice trouvée dans le catalogue de la BnF
journalArticle;1904;Bjørnson, Bjørnstjerne;Bjoernson et le prix Nobel de la paix;Le Courrier européen;1 sp.;;1904, 16/12;;;;"Brevet også på tysk (Die Nobel-Preise) i ""Berliner Tageblatt"" 11/12 og på norsk (Fredspræmien) i ""Aftenposten"" 13/12; Gjengir Bjørnsons brev til Stortingets Nobel-komité, hvor han ønsker at Bertha von Suttner skal få prisen";Pas de notice trouvée dans le Sudoc;Pas de notice trouvée dans le catalogue de la BnF
journalArticle;1904;Bjørnson, Bjørnstjerne;hypocrisie de la paix;Le Courrier européen;4 1/2 sp.;;1904, 18/11;;;;"Også på norsk (Fredshykleriet) i ""Aftenposten"" 20/11 og på tysk (Friedensheuchelei) i ""Berliner Tageblatt"" 21/11; Om Russland og krigsfare";Pas de notice trouvée dans le Sudoc;Pas de notice trouvée dans le catalogue de la BnF
book;1904;Wagner, Felix;La saga de Fridthjof le fort;;;138 s.;;;Louvain;;;['http://www.sudoc.fr/062785494'];Pas de notice trouvée dans le catalogue de la BnF
journalArticle;1904;Bjørnson, Bjørnstjerne;marche en avant de la France;L'Européen;ca. 2 sp.;;1904 nr. 117, 27/2;;;;"Også på norsk (""Frankrige foran"") i Verdens Gang 27/2; Om religion i Frankrike og USA";Pas de notice trouvée dans le Sudoc;Pas de notice trouvée dans le catalogue de la BnF
journalArticle;1905;Bjørnson, Bjørnstjerne;Alliance pangermanique  : Europe du nord et Nord-Amérique : comment le divorce de la Norvège et de la Suède peut avoir pour conséquence une coalition formidable, celle de toutes les nations germaniques du monde;Le Figaro;ca. 1 sp.;;1905, 28/7;;;;"Kfr. referat av artikkelen i ""Norske Intelligenssedler"" 28/7";Pas de notice trouvée dans le Sudoc;Pas de notice trouvée dans le catalogue de la BnF
book;1905;Selmer, Ågot Gjems;famille dans le Nord;;;121 s.;;;Paris;;"""Extrait du Petit bulletin pour nos enfants (union pour l'Action morale)"" - S. [2]; Over tittelen: Pour nos enfants";Pas de notice trouvée dans le Sudoc;Pas de notice trouvée dans le catalogue de la BnF
book;1905;"Ibsen, Henrik; Prozor, M.";ennemi du peuple  : drame en cinq actes;;;LIX, 241 s.;;;Paris;;;Pas de notice trouvée dans le Sudoc;Pas de notice trouvée dans le catalogue de la BnF
book;1905;Bojer, Johan;puissance du mensonge  : roman;;;358 s.;;;Paris;;;Pas de notice trouvée dans le Sudoc;Pas de notice trouvée dans le catalogue de la BnF
journalArticle;1905;Bjørnson, Bjørnstjerne;emprunts consentis aux belligérants sont contrebande de guerre;Le Courrier européen;1 1/3 sp.;;1905, 10/2;;;;"I anledning Frankrikes lån til Russland under den Russisk-japanske krig; Også på norsk (Pengelaan til Krigførende er Krigskontrabande) i ""Aftenposten"" 9/2 og ""Politiken"" 10/2";Pas de notice trouvée dans le Sudoc;Pas de notice trouvée dans le catalogue de la BnF
journalArticle;1905;Bjørnson, Bjørnstjerne;France et Russie : [le crédit international et la guerre entre la Russie et le Japon];Le Courrier européen;1 1/2 sp.;;1905, 13/1;;;;"Også på norsk (Frankrige og Rusland) i ""Aftenposten"" 13/1";Pas de notice trouvée dans le Sudoc;Pas de notice trouvée dans le catalogue de la BnF
book;1905;"Ibsen, Henrik; Chennevière, Ad; Johansen, C.";"dame de la mer ; suivie de Un ennemi du peuple";;;XI, 269 s.;;Bibliotèque cosmopolite;Paris;;Elektronisk reproduksjon [Norge] Nasjonalbiblioteket Digital 2010-09-24;Pas de notice trouvée dans le Sudoc;['http://catalogue.bnf.fr/ark:/12148/cb30632548w']
book;1905;Nansen, Fridtjof;La Norvege et l'Union avec la Suède;;;98 s.;;;Paris;;Elektronisk reproduksjon [Norge] Nasjonalbiblioteket Digital 2009-09-08;['http://www.sudoc.fr/087124947', 'http://www.sudoc.fr/062185489', 'http://www.sudoc.fr/062185470'];['http://catalogue.bnf.fr/ark:/12148/cb310030754']
journalArticle;1905;Bjørnson, Bjørnstjerne;peuples scandinavnes;Le Courrier européen;2 1/3 sp.;;1905, 14/4;;;;"Datert: Rome, avril 1905; Også i ""The Times"" ca. 14/4 og ""The Times weekly edition"" suppl. 21/4 (The Swedish-Norwegian conflict) og i ""Verdens Gang"" 17/4 (Bjørnson i ""Times""); Om den svensk-norske konflikt: fra et europeisk synspunkt har de tre nordiske land én felles trussel - Russland, og trenger et forsvarsforbund. Dette i motsetning til Fridtjof Nansens og Sven Hedins syn";Pas de notice trouvée dans le Sudoc;Pas de notice trouvée dans le catalogue de la BnF
book;1905;"Drolsum, A.C. (Axel Charlot); Société nouvelle de librairie et d'édition";Norvège  : état souverain;;;128 s.;;;Paris;;;Pas de notice trouvée dans le Sudoc;Pas de notice trouvée dans le catalogue de la BnF
book;1906;Lie, Jonas;Jaeger  : roman;;;VII, 328 s.;;;Paris;;;Pas de notice trouvée dans le Sudoc;['http://catalogue.bnf.fr/ark:/12148/cb30817225j', 'http://catalogue.bnf.fr/ark:/12148/cb309367676']
book;1906;"David, Adolphe; Stave, Oscar";Étude sur la législation minière en Norwège;;;272 s., 1 bl.;;;Paris;;;['http://www.sudoc.fr/096309962'];Pas de notice trouvée dans le catalogue de la BnF
book;1906;Woxen, Frédéric;Rapport sur le dévelopment du droit pénal et du régime pénitentiaire en Norvége, 1900-1905;;;38 s.;;;Bruxelles?;;;Pas de notice trouvée dans le Sudoc;Pas de notice trouvée dans le catalogue de la BnF
journalArticle;1906;Bjørnson, Bjørnstjerne;[Russie et la France];Le Courrier européen;S. 532, [6] linjer;;1906, 7/9;;;;;['http://www.sudoc.fr/102690286'];Pas de notice trouvée dans le catalogue de la BnF
book;1906;"Ibsen, Henrik; Rémusat, Martine";Lettres de Henrik Ibsen a ses amis;;;292 s.;;;Paris;;;['http://www.sudoc.fr/046239995'];['http://catalogue.bnf.fr/ark:/12148/cb30632529m']
book;1906;"Ibsen, Henrik; Prozor, M.";Hedda Gabler : drame en quatre actes;;;261 s.;;;Paris;;;['http://www.sudoc.fr/065411862'];Pas de notice trouvée dans le catalogue de la BnF
book;1906;"Ibsen, Henrik; Savine, Albert";maison de poupée  : drame en trois actes;;;163 s.;;;Paris;;Elektronisk reproduksjon [Norge] Nasjonalbiblioteket Digital 2010-05-12;Pas de notice trouvée dans le Sudoc;Pas de notice trouvée dans le catalogue de la BnF
book;1906;"Ibsen, Henrik; Prozor, M.; Prozor, Comte";"revenants ; Maison de poupée";;;XXVII, 279 s.;;;Paris;;Elektronisk reproduksjon [Norge] Nasjonalbiblioteket Digital 2010-11-18;Pas de notice trouvée dans le Sudoc;Pas de notice trouvée dans le catalogue de la BnF
journalArticle;1906;Bjørnson, Bjørnstjerne;ruthènes;Le Courrier européen;ca. 2 sp.;;1906, 26/10;;;;;Pas de notice trouvée dans le Sudoc;Pas de notice trouvée dans le catalogue de la BnF
journalArticle;1907;Bjørnson, Bjørnstjerne;témoignage à propos des Ruthènes;L'Européen;ca. 1/4 sp.;;1907 nr. 190, 11/7;;;;Angrep på Russlands innenriksminister V.K. Plehve;Pas de notice trouvée dans le Sudoc;Pas de notice trouvée dans le catalogue de la BnF
book;1907;"Ibsen, Henrik; Casanove, Ch. de Bigault de";Poésies;;;303 s.;;Collection d'auteurs étrangers;Paris;;"Elektronisk reproduksjon [Norge] Nasjonalbiblioteket Digital 2010-06-18; Smusstittel: Poésies de Henrik Ibsen";['http://www.sudoc.fr/143286870', 'http://www.sudoc.fr/078259088', 'http://www.sudoc.fr/016842111'];['http://catalogue.bnf.fr/ark:/12148/cb306325377']
book;1907;"Bojer, Johan; Cros, Guy-Ch";Maternité : roman;;;309 s.;;;Paris;;;['http://www.sudoc.fr/001769405'];Pas de notice trouvée dans le catalogue de la BnF
journalArticle;1907;Bjørnson, Bjørnstjerne;[Linda Murri];Le Courrier européen;S. 227, ca. 1 sp.;;1907, 12/4;;;;;['http://www.sudoc.fr/051549794'];Pas de notice trouvée dans le catalogue de la BnF
journalArticle;1907;"Ibsen, Henrik; Lange, Wilhelm";atische Werke;Dramatische Werke;158, 160, 132 s., pl. ill.;;2;;;Place: Berlin-Steglitz;"Elektronisk reproduksjon [Norge] Nasjonalbiblioteket Digital 2010-11-12; Originaltitler: En folkefiende ; Vildanden ; Rosmersholm";Pas de notice trouvée dans le Sudoc;Pas de notice trouvée dans le catalogue de la BnF
book;1907;"Ibsen, Henrik; Prozor, Comte; Prozor, M.";Brand : poème dramatique en 5 actes;;;XXIII, 278 s.;;;Paris;;;Pas de notice trouvée dans le Sudoc;Pas de notice trouvée dans le catalogue de la BnF
journalArticle;1907;Bjørnson, Bjørnstjerne;oppression polonaise;Le Courrier européen;S. [1]-2, 210-211, ca. 5 1/2 sp.;;1907 No. 14, 5/4;;;;"Også på tysk i ""Ukrainische Rundschau"" nr. 4 og ""Die Zeit""4/4 (Die Polen als Unterdrucker) og i ""Samtiden"" 1907 (Polakkene som undertrykkere)";Pas de notice trouvée dans le Sudoc;Pas de notice trouvée dans le catalogue de la BnF
journalArticle;1907;Bjørnson, Bjørnstjerne;Linda Murri;Le Courrier européen;S. [1]-2, 66-67, ca. 5 1/2 sp.;;1907, 1/2;;;;Også på engelsk i Tribune, London, 1/2;Pas de notice trouvée dans le Sudoc;Pas de notice trouvée dans le catalogue de la BnF
book;1907;Norge;Affaires de Norvège : documents officiels : concernant la dissolution de l'union entre la Norvège et la Suède et la constitution du Royaume de Norvège (1903-1905);;;73 s.;;;Paris;;Elektronisk reproduksjon [Norge] Nasjonalbiblioteket Digital 2015-11-05;['http://www.sudoc.fr/103676597'];Pas de notice trouvée dans le catalogue de la BnF
book;1908;"Ibsen, Henrik; Prozor, M.; Prozor, Comte";"revenants ; Maison de poupée";;;XXVII, 279 s.;;;Paris;;Elektronisk reproduksjon [Norge] Nasjonalbiblioteket Digital 2010-10-06;Pas de notice trouvée dans le Sudoc;Pas de notice trouvée dans le catalogue de la BnF
book;1908;"Ibsen, Henrik; Prozor, M.; prozor, Comte";"revenants ; Maison de poupée";;;XXVII, 279 s.;;;Paris;;Elektronisk reproduksjon [Norge] Nasjonalbiblioteket Digital 2010-11-06;Pas de notice trouvée dans le Sudoc;Pas de notice trouvée dans le catalogue de la BnF
book;1908;"Ibsen, Henrik; Prozor, Comte; Prozor, M.";dame de la mer  : pièce en 5 actes;;;XVII, 227 s.;;;Paris;;;Pas de notice trouvée dans le Sudoc;['http://catalogue.bnf.fr/ark:/12148/cb306325497']
journalArticle;1908;Bjørnson, Bjørnstjerne;oppression magyare;Le Courrier européen;S. [121]-124, ca. 3 1/2 sp.;;1908, 25/2;;;;;Pas de notice trouvée dans le Sudoc;Pas de notice trouvée dans le catalogue de la BnF
book;1908;Birkeland, Richard;Intégrales d'un système d'équations différentielles ordinaires du premier ordre, dans le voisinage des points où les coefficients différentiels sont indéterminés;;;60 s.;;;Paris;;;Pas de notice trouvée dans le Sudoc;Pas de notice trouvée dans le catalogue de la BnF
book;1908;Blix, Ragnvald;voile tombe  : caricatures;;;24 bl. ill.;;;Paris;;;Pas de notice trouvée dans le Sudoc;Pas de notice trouvée dans le catalogue de la BnF
journalArticle;1908;Bjørnson, Bjørnstjerne;lettre de Björnstjerne Björnson;Le Courrier européen;ca. 1/3 sp.;;1908, april;;;;Bjørnson takker redaktøren for en artikkel om ønskeligheten av allmenn stemmerett i Ungarn;Pas de notice trouvée dans le Sudoc;Pas de notice trouvée dans le catalogue de la BnF
journalArticle;1908;Bjørnson, Bjørnstjerne;Alfred Dreyfus, le juif;Le Courrier européen;S. [177]-180, ca. 3 1/2 sp.;;1908, mars;;;;"Også i ""Morgenbladet"" (Alfred Dreyfus, jøden) 25/3, ""Politiken"" 25/3, og i ""März"" (Alfred Dreyfus, der Jude) 1/4";Pas de notice trouvée dans le Sudoc;Pas de notice trouvée dans le catalogue de la BnF
journalArticle;1909;Bjørnson, Bjørnstjerne;paix et les pacifistes;Le Courrier européen;S. [249]-254;;1909, nr. 6;;;;;Pas de notice trouvée dans le Sudoc;Pas de notice trouvée dans le catalogue de la BnF
book;1909;"Ibsen, Henrik; Prozor, M.";Hedda Gabler : drame en quatre actes;;;;;;Paris;;;['http://www.sudoc.fr/087062356'];Pas de notice trouvée dans le catalogue de la BnF
book;1909;Bjørnson, Bjørnstjerne;chemin du bonheur;;;221 s. ill.;;Collection des grands romans littéraires;Paris;;;Pas de notice trouvée dans le Sudoc;['http://catalogue.bnf.fr/ark:/12148/cb31821274n']
journalArticle;1910;"Bjørnson, Bjørnstjerne; Coussange, Jacques de";Magnhild;La Revue;S. [78]-97;;23(1910)no 13;;;;Fortsetter i nr?;Pas de notice trouvée dans le Sudoc;Pas de notice trouvée dans le catalogue de la BnF
book;1910;Tschudi, Clara;mère de Napoléon (Letizia-Ramolino Buonaparte)  : d'après les mémoires et les correspondances du temps et des documents inédits tirés des archives de l'Etat;;;XIV, 300 s. ill.;;;Paris;;;['http://www.sudoc.fr/106030442'];Pas de notice trouvée dans le catalogue de la BnF
book;1910;Storm, Joh. (Johan);Französische Sprechübungen : eine systematische Darstellung der französischen Umgangssprache des täglichen Lebens, nach der Grammatik geordnet : Mittlere Stufe = Dialogues français;;;236 s.;;;Bielefeld;;;Pas de notice trouvée dans le Sudoc;Pas de notice trouvée dans le catalogue de la BnF
book;1910;"Bjørnson, Bjørnstjerne; Coussange, Jacques de";Magnhild : roman;;;Ulik pag.;;;Paris;;Særtrykk av: La Revue;Pas de notice trouvée dans le Sudoc;Pas de notice trouvée dans le catalogue de la BnF
book;1910;"Ibsen, Henrik; Colleville, Ludovic, comte de; Zepelin, Fritz de";"revenants  : drame de famille en trois actes ; L'ennemi du peuple : drame en cinq actes";;;74 s.;;In extenso, Ser. 2;Paris;;;Pas de notice trouvée dans le Sudoc;Pas de notice trouvée dans le catalogue de la BnF
book;1910;"Bojer, Johan; La Chesnais, P.G.";Sous le ciel vide : roman;;;346 s.;;;Paris;;;Pas de notice trouvée dans le Sudoc;['http://catalogue.bnf.fr/ark:/12148/cb318367090']
book;1911;Bjørnson, Bjørnstjerne;Au-dessus des forces humaines : Drame en six actes, en deux parties;;;388 s.;;;Paris;;;['http://www.sudoc.fr/102690480'];Pas de notice trouvée dans le catalogue de la BnF
book;1911;Lie, Jonas;galérien  : roman;;;78 s.;;"Collection ""In Extenso""";Paris;;;Pas de notice trouvée dans le Sudoc;Pas de notice trouvée dans le catalogue de la BnF
book;1911;"Bjørnson, Bjørnstjerne; Voirol, Sébastien";ames en peine  : roman;;;79 s.;;In extenso;Paris;;;['http://www.sudoc.fr/16779955X'];['http://catalogue.bnf.fr/ark:/12148/cb31599750w']
book;1911;Bjørnson, Bjørnstjerne;Poemes et chansons;;;S. 85-93;;;Paris;;"Artikkel fra: L'amitie de France : journal de philosophie d'art et de politique,&nbsp;&nbsp;1911 - no. 2";Pas de notice trouvée dans le Sudoc;Pas de notice trouvée dans le catalogue de la BnF
book;1912;"Norge; Depuichault, René";"Loi norvégienne du 19 juillet 1910 sur les sociétés anonymes et les sociétés en commandite par actions ; suivi de la Loi du 6 août 1897 sur les obligations au porteur";;;93 s.;;Collection de codes étrangers;Paris;;;Pas de notice trouvée dans le Sudoc;Pas de notice trouvée dans le catalogue de la BnF
book;1912;"Bjørnson, Bjørnstjerne; Voirol, Sébastien";Magnhild;;;215 s.;;Nouvelle Bibliothèque de Variétés Littéraires;Paris;;;['http://www.sudoc.fr/09418495X'];Pas de notice trouvée dans le catalogue de la BnF
book;1912;"Bojer, Johan; Cros, Guy-Ch";puissance du mensonge  : roman;;;358 sider 19 cm;;;Paris;;;['http://www.sudoc.fr/066137128'];Pas de notice trouvée dans le catalogue de la BnF
journalArticle;1913;"Resvoll-Holmsen, Hanna; Albert; Richard, Jules; Isachsen, Gunnar";Observations botaniques;Résultats des campagnes scientifiques. 40-44, Exploration du Nord-Ouest du Spitsberg;80 s., pl. ill.;;44:05:00;;;Place: Monaco;Elektronisk reproduksjon [Norge] Nasjonalbiblioteket Digital 2019-10-14;Pas de notice trouvée dans le Sudoc;Pas de notice trouvée dans le catalogue de la BnF
book;1913;"Bjørnson, Bjørnstjerne; Sautreau, Georges; Sautreau, Dagny Bjørnson";Quelques poèmes & chansons;;;92 s.;;;Paris;;;['http://www.sudoc.fr/204522986', 'http://www.sudoc.fr/052286444', 'http://www.sudoc.fr/010871594', 'http://www.sudoc.fr/132684004', 'http://www.sudoc.fr/053582446', 'http://www.sudoc.fr/067831389', 'http://www.sudoc.fr/108618315', 'http://www.sudoc.fr/008581266', 'http://www.sudoc.fr/001439421', 'http://www.sudoc.fr/005188741', 'http://www.sudoc.fr/060519711', 'http://www.sudoc.fr/278531202', 'http://www.sudoc.fr/105928720', 'http://www.sudoc.fr/010410570', 'http://www.sudoc.fr/066671760', 'http://www.sudoc.fr/18221205X', 'http://www.sudoc.fr/194698645', 'http://www.sudoc.fr/188776486', 'http://www.sudoc.fr/109080785', 'http://www.sudoc.fr/001869957', 'http://www.sudoc.fr/263484076', 'http://www.sudoc.fr/133313344', 'http://www.sudoc.fr/009128069', 'http://www.sudoc.fr/117764078', 'http://www.sudoc.fr/097779989', 'http://www.sudoc.fr/192856774', 'http://www.sudoc.fr/087015730', 'http://www.sudoc.fr/045595356', 'http://www.sudoc.fr/026299356', 'http://www.sudoc.fr/051223570', 'http://www.sudoc.fr/087176122', 'http://www.sudoc.fr/016916425', 'http://www.sudoc.fr/055677932', 'http://www.sudoc.fr/015693317', 'http://www.sudoc.fr/279385811', 'http://www.sudoc.fr/251724883', 'http://www.sudoc.fr/186871295', 'http://www.sudoc.fr/177743611', 'http://www.sudoc.fr/174516754', 'http://www.sudoc.fr/14257970X', 'http://www.sudoc.fr/10708726X', 'http://www.sudoc.fr/103154981', 'http://www.sudoc.fr/092124836', 'http://www.sudoc.fr/082286132', 'http://www.sudoc.fr/068283067', 'http://www.sudoc.fr/065208838', 'http://www.sudoc.fr/055607004', 'http://www.sudoc.fr/002790483', 'http://www.sudoc.fr/281355096', 'http://www.sudoc.fr/241317371', 'http://www.sudoc.fr/179194836', 'http://www.sudoc.fr/097776661', 'http://www.sudoc.fr/010742948', 'http://www.sudoc.fr/232895619', 'http://www.sudoc.fr/102690855', 'http://www.sudoc.fr/05607378X', 'http://www.sudoc.fr/011023724', 'http://www.sudoc.fr/236207881', 'http://www.sudoc.fr/115701249', 'http://www.sudoc.fr/05148031X', 'http://www.sudoc.fr/046588388', 'http://www.sudoc.fr/007373589', 'http://www.sudoc.fr/006730469', 'http://www.sudoc.fr/264794478', 'http://www.sudoc.fr/229959393', 'http://www.sudoc.fr/125144164', 'http://www.sudoc.fr/082890757', 'http://www.sudoc.fr/051480328', 'http://www.sudoc.fr/049859773', 'http://www.sudoc.fr/024355747', 'http://www.sudoc.fr/242641776', 'http://www.sudoc.fr/190418273', 'http://www.sudoc.fr/112019064', 'http://www.sudoc.fr/09948143X', 'http://www.sudoc.fr/071599509', 'http://www.sudoc.fr/063888165', 'http://www.sudoc.fr/256901716', 'http://www.sudoc.fr/064386341', 'http://www.sudoc.fr/008345457', 'http://www.sudoc.fr/199657726', 'http://www.sudoc.fr/112131417', 'http://www.sudoc.fr/056698992', 'http://www.sudoc.fr/017803926', 'http://www.sudoc.fr/066058031', 'http://www.sudoc.fr/010621938', 'http://www.sudoc.fr/006683355', 'http://www.sudoc.fr/284293466', 'http://www.sudoc.fr/186711948', 'http://www.sudoc.fr/179042157', 'http://www.sudoc.fr/139277250', 'http://www.sudoc.fr/078320348', 'http://www.sudoc.fr/144516691', 'http://www.sudoc.fr/18127034X', 'http://www.sudoc.fr/174695047', 'http://www.sudoc.fr/128076909', 'http://www.sudoc.fr/097967351', 'http://www.sudoc.fr/090573560', 'http://www.sudoc.fr/078321611', 'http://www.sudoc.fr/051348187', 'http://www.sudoc.fr/046877770'];Pas de notice trouvée dans le catalogue de la BnF
book;1913;Omsted, Arne;Chiens du Nord  : races et caractéristiques;;;61 s. ill.;;;Bruxelles;;;Pas de notice trouvée dans le Sudoc;Pas de notice trouvée dans le catalogue de la BnF
journalArticle;1914;"Ibsen, Henrik; La Chesnais, P.G.";Œuvres complètes;Œuvres complètes;CXXXV, 379 s.;;T. 1;;;Place: Paris;"Elektronisk reproduksjon [Norge] Nasjonalbiblioteket Digital 2010-06-17; Inneholder også norsk litteratur- og samfunnshistorie omkring 1850 og biografisk stoff om Henrik Ibsen";['http://www.sudoc.fr/087177781', 'http://www.sudoc.fr/101463278'];['http://catalogue.bnf.fr/ark:/12148/cb30707941b']
book;1914;"Lange, Chr. L.; Inter-parliamentary Union";arbitrage obligatoire en 1913  : relevé des stipulations conventionelles en vigueur en 1913 instituant le recours obligatoire à l'arbitrage international;;;XXIV, 352 s.;;;Bruxelles;;Over tittelen: Union interparlamentaire;['http://www.sudoc.fr/127003916'];Pas de notice trouvée dans le catalogue de la BnF
book;1914;Bojer, Johan;nuits claires  : roman;;;370 s.;;;Paris;;;Pas de notice trouvée dans le Sudoc;['http://catalogue.bnf.fr/ark:/12148/cb31836702k']
book;1915;;"Pétition du comité hollandais ""La Fédération des peuples"" aux chefs d'états, membres des gouvernements, représentants nationaux et délégués à la Conférence de la paix";;;[4] s.;;;S.l.;;"Flere norsk navn blant undertegnerne, bl.a. Kr. Birkeland og Alf Torp; Spisstittel";Pas de notice trouvée dans le Sudoc;Pas de notice trouvée dans le catalogue de la BnF
book;1915;"Staxrud, Arve; Hoel, Adolf";Résultats de l'expédition norvégienne au Spitsberg en 1914;;;1 unummererte side, side 278-279 kart;;;[Paris];;"Artikkel fra: La Géographie. Tome 30 (1914/15); Spisstittel";Pas de notice trouvée dans le Sudoc;Pas de notice trouvée dans le catalogue de la BnF
book;1916;"Løken, Haakon; Fried, Alfred H.";Au seuil de la troisième année de guerre : considérations;;;79 s.;;;Berne;;Norsk medarbeider: Haakon Løken;Pas de notice trouvée dans le Sudoc;Pas de notice trouvée dans le catalogue de la BnF
book;1916;"Ibsen, Henrik; Prozor, M.";Hedda Gabler : drame en quatre actes;;;261 s.;;;Paris;;;['http://www.sudoc.fr/073114065', 'http://www.sudoc.fr/055857299'];Pas de notice trouvée dans le catalogue de la BnF
book;1916;"Ibsen, Henrik; Rod, Édouard; Prozor, M.";"revenants ; Maison de poupée";;;XXVII, 279 s.;;;Paris;;Elektronisk reproduksjon [Norge] Nasjonalbiblioteket Digital 2010-09-28;Pas de notice trouvée dans le Sudoc;Pas de notice trouvée dans le catalogue de la BnF
book;1916;Peters, Willi;Willi Peters : lieutenant norvégien, mort pour la France le 6 septembre 1916;;;24 s., pl. ill.;;;Paris;;Inneholder minnetaler og flere brev fra Willi Peters;['http://www.sudoc.fr/10077413X'];Pas de notice trouvée dans le catalogue de la BnF
book;1917;"Lange, Chr. L.; Central Organization for a Durable Peace";Expose des travaux de l'organisation;;;63 s.;;;La Haye;;;Pas de notice trouvée dans le Sudoc;Pas de notice trouvée dans le catalogue de la BnF
book;1917;"Lange, Chr. L.; Central Organization for a Durable Peace";Développement de l'oeuvre de la Haye : organisation de la Conférence de la paix : rapport;;;80 s.;;;La Haye;;;Pas de notice trouvée dans le Sudoc;Pas de notice trouvée dans le catalogue de la BnF
book;1918;Steen, T.-E;Négociations pour les prisonniers de guerre : notes et souvenirs;;;VIII, 124 s., 38 pl. ill.;;;Paris;;;['http://www.sudoc.fr/062607901'];['http://catalogue.bnf.fr/ark:/12148/cb32645186j', 'http://catalogue.bnf.fr/ark:/12148/cb365724483']
book;1919;"Holberg, Ludvig; Coussange, Jacques de";"Œuvres choisies / Ludvig Holberg ; traduction, introduction et notes par Jacques de Coussange";;;219 s.;;Les Cent chef-d'oeuvre étrangers;Paris;;Elektronisk reproduksjon [Norge] Nasjonalbiblioteket Digital 2012-09-14;['http://www.sudoc.fr/149810369', 'http://www.sudoc.fr/100244963', 'http://www.sudoc.fr/065429486', 'http://www.sudoc.fr/265883245', 'http://www.sudoc.fr/131535153', 'http://www.sudoc.fr/266516130', 'http://www.sudoc.fr/157590151', 'http://www.sudoc.fr/056702361', 'http://www.sudoc.fr/003964132', 'http://www.sudoc.fr/003742768', 'http://www.sudoc.fr/053226291', 'http://www.sudoc.fr/045238863', 'http://www.sudoc.fr/001748580', 'http://www.sudoc.fr/056044313', 'http://www.sudoc.fr/133460444', 'http://www.sudoc.fr/080944000', 'http://www.sudoc.fr/200537083', 'http://www.sudoc.fr/200536966', 'http://www.sudoc.fr/200536567', 'http://www.sudoc.fr/171345053', 'http://www.sudoc.fr/050978942', 'http://www.sudoc.fr/100436773', 'http://www.sudoc.fr/050978993', 'http://www.sudoc.fr/050979019', 'http://www.sudoc.fr/177781270', 'http://www.sudoc.fr/177747390', 'http://www.sudoc.fr/012003980', 'http://www.sudoc.fr/130689114', 'http://www.sudoc.fr/052775097', 'http://www.sudoc.fr/25090957X', 'http://www.sudoc.fr/224035304', 'http://www.sudoc.fr/178884057', 'http://www.sudoc.fr/138437173', 'http://www.sudoc.fr/178883778', 'http://www.sudoc.fr/178884189', 'http://www.sudoc.fr/26851156X', 'http://www.sudoc.fr/059829117', 'http://www.sudoc.fr/052999246', 'http://www.sudoc.fr/056044135', 'http://www.sudoc.fr/056043988', 'http://www.sudoc.fr/056043880', 'http://www.sudoc.fr/003689999', 'http://www.sudoc.fr/060187670', 'http://www.sudoc.fr/054152569', 'http://www.sudoc.fr/110889789', 'http://www.sudoc.fr/235676322', 'http://www.sudoc.fr/125325754', 'http://www.sudoc.fr/000962988', 'http://www.sudoc.fr/078330084', 'http://www.sudoc.fr/011788275', 'http://www.sudoc.fr/011520922', 'http://www.sudoc.fr/049068032', 'http://www.sudoc.fr/112607160', 'http://www.sudoc.fr/012003867', 'http://www.sudoc.fr/012003247', 'http://www.sudoc.fr/138928789', 'http://www.sudoc.fr/249168529', 'http://www.sudoc.fr/068080832', 'http://www.sudoc.fr/277545919', 'http://www.sudoc.fr/257954422', 'http://www.sudoc.fr/22097442X', 'http://www.sudoc.fr/169557758', 'http://www.sudoc.fr/162204310', 'http://www.sudoc.fr/136909205', 'http://www.sudoc.fr/132025604', 'http://www.sudoc.fr/124030033', 'http://www.sudoc.fr/118204858', 'http://www.sudoc.fr/104919302', 'http://www.sudoc.fr/099953765', 'http://www.sudoc.fr/092171354', 'http://www.sudoc.fr/066449804', 'http://www.sudoc.fr/065435443', 'http://www.sudoc.fr/06543482X', 'http://www.sudoc.fr/061126292', 'http://www.sudoc.fr/060125764', 'http://www.sudoc.fr/060125756', 'http://www.sudoc.fr/060125748', 'http://www.sudoc.fr/06012573X', 'http://www.sudoc.fr/060125721', 'http://www.sudoc.fr/060125713', 'http://www.sudoc.fr/055930069', 'http://www.sudoc.fr/048301930', 'http://www.sudoc.fr/047826932', 'http://www.sudoc.fr/046901140', 'http://www.sudoc.fr/046866442', 'http://www.sudoc.fr/012845310', 'http://www.sudoc.fr/012003271', 'http://www.sudoc.fr/011195339', 'http://www.sudoc.fr/010712666', 'http://www.sudoc.fr/008024111', 'http://www.sudoc.fr/007333846', 'http://www.sudoc.fr/006974481', 'http://www.sudoc.fr/004814908', 'http://www.sudoc.fr/002108704', 'http://www.sudoc.fr/002069709', 'http://www.sudoc.fr/002069687', 'http://www.sudoc.fr/048979260', 'http://www.sudoc.fr/047438630', 'http://www.sudoc.fr/047428759', 'http://www.sudoc.fr/001756893'];Pas de notice trouvée dans le catalogue de la BnF
book;1920;"Bojer, Johan; La Chesnais, P.G.";Grande faim  : roman;;;280 s.;;;Paris;;;['http://www.sudoc.fr/001511297'];['http://catalogue.bnf.fr/ark:/12148/cb318366954']
book;1920;"Ibsen, Henrik; Prozor, Comte; Prozor, M.";Brand : poème dramatique en 5 actes;;;XXIII, 278 s.;;;Paris;;;Pas de notice trouvée dans le Sudoc;Pas de notice trouvée dans le catalogue de la BnF
book;1920;"Bødtker, A. Trampe; Høst, Sigurd; Mantzius, Aage";Franske Læsestykker for Gymnasiet;;;258 s.;;;Kjøbenhavn;;;Pas de notice trouvée dans le Sudoc;Pas de notice trouvée dans le catalogue de la BnF
book;1920;Hamsun, Knut;Victoria;;;227 s.;;Les prosateurs étrangers modernes;Paris;;Elektronisk reproduksjon [Norge] Nasjonalbiblioteket Digital 2010-11-26;['http://www.sudoc.fr/139685111', 'http://www.sudoc.fr/256403600', 'http://www.sudoc.fr/103088962', 'http://www.sudoc.fr/065748247'];['http://catalogue.bnf.fr/ark:/12148/cb32220219c', 'http://catalogue.bnf.fr/ark:/12148/cb416534146']
book;1920;Ibsen, Henrik;"canard sauvage ; Rosmersholm";;;326 s.;;;Paris;;Elektronisk reproduksjon [Norge] Nasjonalbiblioteket Digital 2010-10-20;Pas de notice trouvée dans le Sudoc;Pas de notice trouvée dans le catalogue de la BnF
journalArticle;1920;"Ibsen, Henrik; Coussange, Jacques de";Ibsen;Ibsen;188 s. port.;;2;Les cent chefs-d'oeuvre etrangers;;Place: Paris;Elektronisk reproduksjon [Norge] Nasjonalbiblioteket Digital 2015-01-18;Pas de notice trouvée dans le Sudoc;Pas de notice trouvée dans le catalogue de la BnF
journalArticle;1920;"Ibsen, Henrik; Coussange, Jacques de";Ibsen;Ibsen;186 s. port.;;1;Les cent chefs-d'oeuvre etrangers;;Place: Paris;Elektronisk reproduksjon [Norge] Nasjonalbiblioteket Digital 2010-11-12;Pas de notice trouvée dans le Sudoc;Pas de notice trouvée dans le catalogue de la BnF
book;1920;Hawkins, Inga;"""Blakken"" : (the Norwegian pony)";;;19, 19 s.;;;London;;"Engelsk og fransk parallell tekst; Også med fransk løpetittel: Le poney (Blakken)";Pas de notice trouvée dans le Sudoc;Pas de notice trouvée dans le catalogue de la BnF
book;1921;Aall, N.H.;Diagrammes d'equilibre de transformation des aciers spéciaux;;;27 s.;;;Paris;;;Pas de notice trouvée dans le Sudoc;Pas de notice trouvée dans le catalogue de la BnF
book;1921;Bojer, Johan;caméléon  : roman;;;189 s.;;;Paris;;Elektronisk reproduksjon [Norge] Nasjonalbiblioteket Digital 2010-05-18;Pas de notice trouvée dans le Sudoc;Pas de notice trouvée dans le catalogue de la BnF
book;1921;"Ibsen, Henrik; Prozor, M.";Hedda Gabler : drame en quatre actes;;;261 s.;;;Paris;;;['http://www.sudoc.fr/131969196'];Pas de notice trouvée dans le catalogue de la BnF
book;1921;"Ibsen, Henrik; Prozor, M.";ennemi du peuple  : drame en cinq actes;;;LIX, 161 s.;;;Paris;;;Pas de notice trouvée dans le Sudoc;Pas de notice trouvée dans le catalogue de la BnF
book;1922;"Bienz, Marguerite E.; Nansen, Fridtjof; Hohes Kommissariat";Für unsere kleinen russischen Brüder! : Gaben westeuropäischer Schriftsteller und Künstler für die notleidenden Kinder in den Hungersnotdistrikten Russlands;;;204 s., pl. ill. (noen kol.);;;Genf;;;Pas de notice trouvée dans le Sudoc;Pas de notice trouvée dans le catalogue de la BnF
book;1922;Aagaard, Thorvald Bernhardt;Etude chimique des fruits du Haronga Madagascariensis : these;;;79 s.;;Universite de Strasbourg - fakulte de Pharmacie;Strasbourg;;Elektronisk reproduksjon [Norge] Nasjonalbiblioteket Digital 2014-11-19;Pas de notice trouvée dans le Sudoc;['http://catalogue.bnf.fr/ark:/12148/cb316944741']
book;1922;"Bjørnson, Bjørnstjerne; Monnier, Auguste; Littmanson, Leopold";Au delà des forces;;;363 s.;;Bibliothèque cosmopolite;Paris;;;['http://www.sudoc.fr/055857426'];Pas de notice trouvée dans le catalogue de la BnF
book;1922;Bojer, Johan;dernier viking  : roman;;;4 h. (95 s.);;La Petite illustration;Paris;;;['http://www.sudoc.fr/133525503', 'http://www.sudoc.fr/001819445'];['http://catalogue.bnf.fr/ark:/12148/cb31836688v']
book;1922;"Bojer, Johan; Holmboe, Thorolf";dernier viking  : roman;;;356 s.;;;Paris;;;Pas de notice trouvée dans le Sudoc;['http://catalogue.bnf.fr/ark:/12148/cb31836688v']
book;1922;Botolfsen, Erling;Contribution à l'étude du carbure de calcium;;;47 s. fig.;;;Paris;;"Avhandling - Université de Strasbourg; Også offentliggjort i Annales de Chimie, T. 18(1922)nr 9, s. 5-48";['http://www.sudoc.fr/089313607'];['http://catalogue.bnf.fr/ark:/12148/cb31849336q']
book;1922;Bull, Francis;grand disciple de Moliere: Ludvig Holberg;;;S. 162-174;;;Paris;;Særtrykk;Pas de notice trouvée dans le Sudoc;Pas de notice trouvée dans le catalogue de la BnF
book;1923;Herriot, Édouard;Nations amies  : la Norvège;;;[3] s 32 cm;;;Paris;;"Av: Les Annales politiques et littéraires. No. 2099, suppl. = no. 75; Inneholder korte artikler av franske forfattere og tre oversettelser av norske dikt: Til Foraaret (Au printemps) / Henrik Wergeland, Mot soleglad (Le coucher du soleil) / Arne Garborg, Skjærgårdsø (L'île) / Knut Hamsun; Katalogisert etter omslaget";Pas de notice trouvée dans le Sudoc;Pas de notice trouvée dans le catalogue de la BnF
book;1923;Ræstad, Chr;La Norvège;;;XII, 137 s. ill.;;La Vie technique et industrielle;Paris;;;Pas de notice trouvée dans le Sudoc;Pas de notice trouvée dans le catalogue de la BnF
book;1923;"Hamsun, Knut; Peyronnet, Sigrid R.";Au pays des contes : choses révées et choses vécues en Caucasie;;;258 s.;;;Paris;;;Pas de notice trouvée dans le Sudoc;['http://catalogue.bnf.fr/ark:/12148/cb32220187k', 'http://catalogue.bnf.fr/ark:/12148/cb32220188x']
book;1923;Sommerfelt, Alf;systeme verbal dans In Cath Catharda;;;134 s.;;;Paris;;;Pas de notice trouvée dans le Sudoc;['http://catalogue.bnf.fr/ark:/12148/cb35405378q']
journalArticle;1923;Hamsun, Knut;Un vagabond joue en sourdine];Europe;S. 24-52;;2(1923)no 5;;;;"Tittel laget av katalogisator; Utdrag fra: En vandrer spiller med sordin";Pas de notice trouvée dans le Sudoc;Pas de notice trouvée dans le catalogue de la BnF
book;1923;"Ibsen, Henrik; Prozor, M.";Maison de poupée : drame en trois actes;;;245 s., pl. ill.;;Le theatre d'art;Paris;;;Pas de notice trouvée dans le Sudoc;Pas de notice trouvée dans le catalogue de la BnF
book;1923;Rokseth, Peter;Terminologie de la culture des cereales a Majorque;;;215 s. ill.;;Biblioteca filologica de l'Institut de la lengua catalana;Barcelona;;;Pas de notice trouvée dans le Sudoc;['http://catalogue.bnf.fr/ark:/12148/cb312373120']
book;1923;Lange, Chr. L.;Préparation de la Société des nations pendant la guerre;;;61 s.;;;Copenhague;;Særtrykk av: L'origine et l'oeuvre de la Société des nations;Pas de notice trouvée dans le Sudoc;Pas de notice trouvée dans le catalogue de la BnF
book;1924;Hamsun, Knut;Pan : roman;;;212 s.;;;Paris;;;['http://www.sudoc.fr/243584784'];Pas de notice trouvée dans le catalogue de la BnF
book;1924;Schjelderup-Ebbe, Thorleif;despotisme chez les oiseaux;;;74 s. fig.;;;Paris;;Over tittelen: Institut général psychologique. Extrait du Bulletin no: 1-3, 24 anné 1924.;Pas de notice trouvée dans le Sudoc;Pas de notice trouvée dans le catalogue de la BnF
book;1924;Høst, Sigurd;Henrik Ibsen;;;245 s.;;;Paris;;;['http://www.sudoc.fr/048442062'];['http://catalogue.bnf.fr/ark:/12148/cb322578138']
book;1924;Hamsun, Knut;vagabond joue en sourdine;;;253 s.;;Les prosateurs étrangers modernes;Paris;;;['http://www.sudoc.fr/100915639'];['http://catalogue.bnf.fr/ark:/12148/cb322202139']
book;1924;Mowinckel, Johan Ludwig;Norvège;;;25 s. ill. 35 cm;;;Paris;;"Innledning av Johan Ludwig Mowinckel; franske og norske forfattere; Katalogisert etter omslaget; Særtrykk med eget omslag av artikler i: Les Echos. No. 453 (1924, 20 août)";Pas de notice trouvée dans le Sudoc;Pas de notice trouvée dans le catalogue de la BnF
book;1925;"Ibsen, Henrik; Prozor, M.";"revenants ; Maison de poupée";;;XXVII, 279 s.;;;Paris;;"Elektronisk reproduksjon [Norge] Nasjonalbiblioteket Digital 2010-10-06; Opplagshistorikk:&nbsp;&nbsp;12e éd. 1906; 13e-14e éd. 1908; [Nytt oppl.] 1916; 30e&nbsp;&nbsp;éd. 1925; [Nytt oppl.] 1955";Pas de notice trouvée dans le Sudoc;Pas de notice trouvée dans le catalogue de la BnF
book;1925;Ræstad, Chr;Norvège;;;XXII, 137 s. 4°;;;Paris;;"Supplement til ""La Vie Technique et Indusrielle"", oktober 1925";Pas de notice trouvée dans le Sudoc;Pas de notice trouvée dans le catalogue de la BnF
book;1925;Fridrichsen, Anton;problème du miracle dans le christianisme primitif;;;126 s.;;Études d'histoire et de philosophie religieuses;Strasbourg;;;['http://www.sudoc.fr/275769658', 'http://www.sudoc.fr/064099040', 'http://www.sudoc.fr/011896612', 'http://www.sudoc.fr/048316296'];['http://catalogue.bnf.fr/ark:/12148/cb475081742', 'http://catalogue.bnf.fr/ark:/12148/cb47508334c', 'http://catalogue.bnf.fr/ark:/12148/cb32130963t']
book;1925;Broch, Olaf;dictature du prolétariat;;;S. [801]-822, [99]-117, [340]-359;;;Paris;;Særtrykk av: Le Correspondent. Année 97, no. 1500, 1501, 1503;Pas de notice trouvée dans le Sudoc;Pas de notice trouvée dans le catalogue de la BnF
book;1925;"Bojer, Johan; Cros, Guy-Charles";puissance du mensonge  : roman;;;279 s.;;Collection Nelson;Paris;;;Pas de notice trouvée dans le Sudoc;Pas de notice trouvée dans le catalogue de la BnF
book;1925;Schjelderup-Ebbe, Thorleif;voix du chien;;;4 s.;;;Paris;;;Pas de notice trouvée dans le Sudoc;Pas de notice trouvée dans le catalogue de la BnF
book;1925;Bojer, Johan;Dyrendal : Roman;;;339 s.;;;München;;;['http://www.sudoc.fr/001560808'];['http://catalogue.bnf.fr/ark:/12148/cb31836691r']
journalArticle;1925;;Practical hints to scientific travellers;Practical hints to scientific travellers;185 s., fold. pl. ill., kart;;3;;;Place: The Hague;Dekker Mexico, Asia, New Zealand og Marokko;Pas de notice trouvée dans le Sudoc;Pas de notice trouvée dans le catalogue de la BnF
book;1925;Diriks, Dyre;Guerison spontanee de la luxation congenitale de la hanche;;;72 s. ill.;;Thèse pour le doctorat en médecine;Paris;;Avhandling (doktorgrad) - Paris;Pas de notice trouvée dans le Sudoc;['http://catalogue.bnf.fr/ark:/12148/cb32033171s']
book;1926;Samdahl, B.;Etude chimique des fruits du Kirondro et de leurs principaux elements constituants : these;;;135 s.;;;Nancy;;(Dr.avh.)- Universite de Strasbourg, 1926;Pas de notice trouvée dans le Sudoc;Pas de notice trouvée dans le catalogue de la BnF
book;1926;Haukland, Andreas;Vertige;;;211 s.;;Les prosateurs étrangers modernes;Paris;;;['http://www.sudoc.fr/00158135X'];['http://catalogue.bnf.fr/ark:/12148/cb32226916q']
book;1926;"Hamsun, Knut; Sautreau, Georges";faim;;;294 s.;;Les Prosateurs étrangers modernes;Paris;;;['http://www.sudoc.fr/064645231'];['http://catalogue.bnf.fr/ark:/12148/cb32220197w']
book;1926;"Amundsen, Roald; Rabot, Charles; Ellsworth, Lincoln";En avion vers le Pole Nord : relation de l'expédition Amundsen-Ellsworth;;;252 s., pl. ill.;;;Paris;;"Elektronisk reproduksjon [Norge] Nasjonalbiblioteket Digital 2023-03-22; Over tittelen på omslaget: Expédition Amundsen-Ellsworth";['http://www.sudoc.fr/020112955'];Pas de notice trouvée dans le catalogue de la BnF
book;1926;Undset, Sigrid;"âge heureux ; Suivi de Simonsen";;;212 s.;;Collection de la revue europeenne;Paris;;Simonsen er en novelle fra samlingen Fattige skjæbner;['http://www.sudoc.fr/145771970', 'http://www.sudoc.fr/102564280'];['http://catalogue.bnf.fr/ark:/12148/cb35726004h', 'http://catalogue.bnf.fr/ark:/12148/cb31511974v']
book;1926;Bojer, Johan;émigrants  : roman;;;361 s.;;;Paris;;;['http://www.sudoc.fr/001580051'];['http://catalogue.bnf.fr/ark:/12148/cb318366923', 'http://catalogue.bnf.fr/ark:/12148/cb416264191']
book;1927;Hamsun, Knut;faim;;;294 s. ill.;;Les Beaus romans;Paris;;;['http://www.sudoc.fr/046597093'];['http://catalogue.bnf.fr/ark:/12148/cb41653413v']
book;1927;Hamsun, Knut;Rêveurs;;;14, 195 s. ill.;;Carnets littéraires, Série cosmopolite;Paris;;;['http://www.sudoc.fr/102670781'];['http://catalogue.bnf.fr/ark:/12148/cb35488626p', 'http://catalogue.bnf.fr/ark:/12148/cb32220208q']
book;1927;Jermstad, A.;Contribution a l'etude physico-chimique et chimique de l'essence absolue de sauge sclareè et de son principal èlèment constituant le sclarêol;;;97 s.;;Faculte de pharmacie;Nancy;;Avhandling (doktorgrad);Pas de notice trouvée dans le Sudoc;Pas de notice trouvée dans le catalogue de la BnF
book;1927;"Langfeldt, Eivind Schwartz; Universitè de Strasbourg";Etude chimique des principales espèces de vins de Norvėge : thèse ...;;;64 s.;;;Nancy;;"Avhandling (doktorgrad) - Universitè de Strasbourg, 1927; Over tittelen: Universitè de Strasbourg. Faculté de pharmacie, année 1926-1927 no 30";Pas de notice trouvée dans le Sudoc;Pas de notice trouvée dans le catalogue de la BnF
book;1927;"Gaarder, Torbjørn; Gran, H.H.";Investigations of the production of plankton in the Oslo Fjord;;;48 s. fig. 4°;;Rapports et procès-verbaux des réunions (Conseil permanent international pour l'exploration de la mer : trykt utg.);Copenhague;;;Pas de notice trouvée dans le Sudoc;['http://catalogue.bnf.fr/ark:/12148/cb45992261t']
book;1927;Obstfelder, Sigbjørn;Poèmes inédits d'Obstfelder;;;S. 113-115;;;Bruxelles;;Særtrykk av: La renaissance d'occident. T. 21, no. 2;Pas de notice trouvée dans le Sudoc;Pas de notice trouvée dans le catalogue de la BnF
book;1927;Sommerfelt, Alf;origine indo-europeenne du preterit celtique en t;;;S. 253-263;;;Cracoviae;;Av: Symbolae grammaticae in honoremloannis Rozwadowski;Pas de notice trouvée dans le Sudoc;Pas de notice trouvée dans le catalogue de la BnF
book;1927;Lyche, R. Tambs;Études sur l'equation fonctionnelle d'Abel dans le cas des fonctions réelles;;;34 s. fig.;;;Strasbourg;;Avhandling (doktorgrad) - Université de Strasbourg, 1927;['http://www.sudoc.fr/089344111', 'http://www.sudoc.fr/029018307'];['http://catalogue.bnf.fr/ark:/12148/cb314311381']
book;1927;"Bibliotheque Sainte-Genevieve (Paris); Øksnevad, Reidar; Verrier, Paul";pays du Nord autrefois  : Danemark, Finlande, Islande, Norvege, Suede : exposition a la Bibliothèque Sainte-Geneviève : du 23 Mai au 12 Juin 1927;;;53 s., XII blad ill. 19 cm;;;Paris;;Avant-propos / Reidar Øksnevad. Préface / Paul Verrier;Pas de notice trouvée dans le Sudoc;Pas de notice trouvée dans le catalogue de la BnF
book;1927;"Amundsen, Roald; Ellsworth, Lincoln; Rabot, Charles";"D'Europe en Amérique par le Pôle Nord : voyage du dirigeable ""Norge""";;;268 s.;;;Paris;;;['http://www.sudoc.fr/021985316', 'http://www.sudoc.fr/101259700'];Pas de notice trouvée dans le catalogue de la BnF
book;1928;Hamsun, Knut;Sous l'étoile d'automne;;;246 s.;;Les Prosateurs étrangers modernes;Paris;;;['http://www.sudoc.fr/10066184X'];['http://catalogue.bnf.fr/ark:/12148/cb32220211m']
book;1928;Egge, Peter;Hansine Solstad;;;251 s.;;;Paris;;;['http://www.sudoc.fr/101183321'];['http://catalogue.bnf.fr/ark:/12148/cb32070534s']
book;1928;Nansen, Fridtjof;Arménie et le Proche Orient;;;364 s.;;;Paris;;;['http://www.sudoc.fr/015120066'];['http://catalogue.bnf.fr/ark:/12148/cb355547674', 'http://catalogue.bnf.fr/ark:/12148/cb324787161']
book;1928;Schnitler, Gudmund;guerre mondiale 1914-1918;;;374 s. ill.;;Collection de mémoires, études et documents pour servir a l'histoire de la guerre mondiale;Paris;;;['http://www.sudoc.fr/089410823'];['http://catalogue.bnf.fr/ark:/12148/cb31326089g', 'http://catalogue.bnf.fr/ark:/12148/cb32316358z']
book;1928;"Ibsen, Henrik; Prozor, M.";Brand : poème dramatique en 5 actes;;;XXIII, 278 s.;;;Paris;;;Pas de notice trouvée dans le Sudoc;Pas de notice trouvée dans le catalogue de la BnF
book;1928;Bojer, Johan;Norvège : sur les contes norvégiens de paysage;;;S. [606]-620;;;Gèneve;;I: Bibliothèque universelle et revue de Genève. - Mai 1928;Pas de notice trouvée dans le Sudoc;Pas de notice trouvée dans le catalogue de la BnF
book;1928;Hansen, Lars;Aux prises avec le Spitzberg;;;II,197 s.;;Aventures;Paris;;;['http://www.sudoc.fr/001680412'];['http://catalogue.bnf.fr/ark:/12148/cb45994575t', 'http://catalogue.bnf.fr/ark:/12148/cb322214284']
journalArticle;1928;"Ibsen, Henrik; La Chesnais, P.G.";Norma, ou Les amours d'un politicien : tragédie lyrique en trois actes;La revue européenne;S. 342-357;;(Avril 1928);;;Place: Paris;Om Norma, s. [338]-341;['http://www.sudoc.fr/101115245'];Pas de notice trouvée dans le catalogue de la BnF
book;1928;Vinsnes, Johan Frederik;Le carrefour;;;248 s.;;Bibliothèque scandinave;Paris;;;['http://www.sudoc.fr/10111611X'];['http://catalogue.bnf.fr/ark:/12148/cb31589308s']
book;1929;Bojer, Johan;visage du monde;;;249 s.;;;Paris;;;['http://www.sudoc.fr/001703420'];Pas de notice trouvée dans le catalogue de la BnF
book;1929;"Bojer, Johan; La Chesnais, P.G.";prisonnier qui chantait  : roman;;;225 sider;;Collection nouvelle;Paris;;;['http://www.sudoc.fr/001645463'];['http://catalogue.bnf.fr/ark:/12148/cb318367048']
book;1929;Koht, Halvdan;luttes des paysans en Norvège du XVIe au XIXe siècle;;;315 s.;;Bibliotèque historique;Paris;;;['http://www.sudoc.fr/018681840'];['http://catalogue.bnf.fr/ark:/12148/cb32317769z']
book;1929;"Ibsen, Henrik; Prozor, M.";Jean-Gabriel Borkman : drame en quatre actes;;;XXII, 227 s.;;;Paris;;;Pas de notice trouvée dans le Sudoc;Pas de notice trouvée dans le catalogue de la BnF
book;1929;Rambech, Odd Wessel;Contribution à l'ètude des dèrivês maloniques cyanês-halogênês et amidês;;;85 s.;;;Strasbourg;;Avhandling (doktorgrad) - Strasbourg Universitaire;Pas de notice trouvée dans le Sudoc;Pas de notice trouvée dans le catalogue de la BnF
journalArticle;1929;"Hoel, Sigurd; Sautreau, Georges";70 ans de Knut Hamsun;Europe;S. [5]-20;;21(1929)no 81;;;;;Pas de notice trouvée dans le Sudoc;Pas de notice trouvée dans le catalogue de la BnF
book;1929;Undset, Sigrid;"Maternités ; suivi de La Bergère de porcelaine";;;210 s.;;;Paris;;"Første verk oversatt av Victor Vinde, andre verk av Jacques de Coussange; Oversettelser av Thjodolf (fra De kloge jomfruer) og Nikkedukken (fra Fattige skjæbner)";['http://www.sudoc.fr/051876914'];['http://catalogue.bnf.fr/ark:/12148/cb31511991f']
book;1929;"Bjørnson, Bjørnstjerne; Bætzmann, F.; Pagès, Alphonse; Salcedo, Maggie";Synneuve Solbakken;;;121 s. ill.;;;Paris;;;Pas de notice trouvée dans le Sudoc;Pas de notice trouvée dans le catalogue de la BnF
book;1929;"Bedel, Maurice; Krohg, Per";Jérôme : 60° latitude nord;;;211 s. ill. 4°;;;Paris;;;['http://www.sudoc.fr/137816448'];['http://catalogue.bnf.fr/ark:/12148/cb317853085']
book;1929;Størmer, Carl;De l'espace à l'atome;;;222 s.;;Nouvelle collection scientifique;Paris;;;['http://www.sudoc.fr/064337022', 'http://www.sudoc.fr/025418858'];['http://catalogue.bnf.fr/ark:/12148/cb31859537t']
book;1930;"Couttet, Alfred; Lunn, Arnold; Petersen, Emil";enchantement du ski;;;155 s. ill.;;;Paris;;;['http://www.sudoc.fr/199016119'];['http://catalogue.bnf.fr/ark:/12148/cb31091033k']
book;1930;Bojer, Johan;nouveau temple  : roman;;;279 s.;;;Paris;;;['http://www.sudoc.fr/164633227', 'http://www.sudoc.fr/06613711X', 'http://www.sudoc.fr/00170513X'];['http://catalogue.bnf.fr/ark:/12148/cb318367017']
book;1930;;Vikings d'hier et d'aujourd'hui;;;95 s. ill.;;;Paris;;;Pas de notice trouvée dans le Sudoc;Pas de notice trouvée dans le catalogue de la BnF
book;1930;Løvstad, Bergljot;Lettres françaises d'une nordique : (1929-30) : (Ecrites de France, d'Italie et d'Espagne);;;55 s.;;;Nimes;;;Pas de notice trouvée dans le Sudoc;Pas de notice trouvée dans le catalogue de la BnF
journalArticle;1930;"Ibsen, Henrik; La Chesnais, P.G.";Œuvres complètes;Œuvres complètes;CXXXI, 395 s.;;T. 1;;;Place: Paris;"Elektronisk reproduksjon [Norge] Nasjonalbiblioteket Digital 2010-06-17; Inneholder også norsk litteratur- og samfunnshistorie omkring 1850 og biografisk stoff om Henrik Ibsen";['http://www.sudoc.fr/065731417', 'http://www.sudoc.fr/047898968'];['http://catalogue.bnf.fr/ark:/12148/cb42484760v', 'http://catalogue.bnf.fr/ark:/12148/cb32268407p', 'http://catalogue.bnf.fr/ark:/12148/cb387043385', 'http://catalogue.bnf.fr/ark:/12148/cb32334138q']
book;1930;Haukland, Andreas;Mers du nord;;;228 s.;;Les Prosateurs étrangers modernes;Paris;;;['http://www.sudoc.fr/102695717'];['http://catalogue.bnf.fr/ark:/12148/cb322269141']
book;1930;Snorri Sturluson;Saga de Saint-Olav;;;304 s.;;;Paris;;Over tittel: Saga des rois de Norvège: Heimskringla;['http://www.sudoc.fr/009219579'];['http://catalogue.bnf.fr/ark:/12148/cb32251236t']
book;1930;"Hamsun, Knut; Sautreau, Georges";Benoni;;;297 s.;;Les Prosateurs étrangers modernes;Paris;;;['http://www.sudoc.fr/10267065X'];['http://catalogue.bnf.fr/ark:/12148/cb322201925']
book;1930;Sømme, Axel;Lorraine métallurgique;;;VIII, 249 s. ill.;;;Paris;;Avhandling (doktorgrad);Pas de notice trouvée dans le Sudoc;['http://catalogue.bnf.fr/ark:/12148/cb31382985v']
book;1930;Hamsun, Knut;Rosa : d'apres les papiers de l'etudiant Parelius;;;233 s.;;Les prosateurs étrangers modernes;Paris;;;['http://www.sudoc.fr/10267082X'];['http://catalogue.bnf.fr/ark:/12148/cb354886360']
book;1930;;Art vivant en Norvege;;;S. 973-1022 ill. 32 cm;;;Paris;;"Flere norske bidragsytere; Særtrykk av: L'art vivant. Année 6";Pas de notice trouvée dans le Sudoc;Pas de notice trouvée dans le catalogue de la BnF
book;1930;"Asbjørnsen, P. Chr. (Peter Christen); Moe, Jørgen; Pineau, Leon; Werenskiold, Erik; Kittelsen, Th. (Theodor)";Contes norvegiens;;;190 s. ill.;;;Paris;;;Pas de notice trouvée dans le Sudoc;Pas de notice trouvée dans le catalogue de la BnF
journalArticle;1930;"Ibsen, Henrik; La Chesnais, P.G.";Œuvres complètes;Œuvres complètes;496 s.;;T. 2;;;Place: Paris;Elektronisk reproduksjon [Norge] Nasjonalbiblioteket Digital 2010-06-17;['http://www.sudoc.fr/065731417', 'http://www.sudoc.fr/047898968'];['http://catalogue.bnf.fr/ark:/12148/cb42484760v', 'http://catalogue.bnf.fr/ark:/12148/cb32268407p', 'http://catalogue.bnf.fr/ark:/12148/cb387043385', 'http://catalogue.bnf.fr/ark:/12148/cb32334138q']
book;1930;"Cahen, Maurice; Olsen, Magnus";inscription runique du coffret de Mortain;;;66 s.;;Collection linguistique;Paris;;;['http://www.sudoc.fr/016922093'];['http://catalogue.bnf.fr/ark:/12148/cb31036403q']
book;1931;"Amundsen, Roald; Bec, Maurice";"Amundsen : ""My life as an explorer""";;;236 s.;;;Paris;;;['http://www.sudoc.fr/066048818'];Pas de notice trouvée dans le catalogue de la BnF
book;1931;Bojer, Johan;Skobelef : nouvelle;;;S. [193]-196;;;Paris;;I: Nouvel âge. - (1931) no 3;Pas de notice trouvée dans le Sudoc;Pas de notice trouvée dans le catalogue de la BnF
book;1931;Eskeland, Lars;Ma visite à Thérèse Neumann;;;XXIV, 99 s.;;;Paris;;;['http://www.sudoc.fr/102241457'];['http://catalogue.bnf.fr/ark:/12148/cb320827492']
book;1931;Haukland, Andreas;saga de l'élan  : roi des forêts sauvages;;;202 s.;;Les Livres de nature;Paris;;;['http://www.sudoc.fr/047798769'];['http://catalogue.bnf.fr/ark:/12148/cb32226915c']
book;1931;Undset, Sigrid;Printemps;;;XI, 344 s.;;Bibliothèque Scandinave;Paris;;;Pas de notice trouvée dans le Sudoc;Pas de notice trouvée dans le catalogue de la BnF
book;1931;Bojer, Johan;Gens de la côte : roman;;;279 s.;;;Paris;;;['http://www.sudoc.fr/001645617'];['http://catalogue.bnf.fr/ark:/12148/cb31836694s']
book;1931;"Undset, Sigrid; Coussange, Jacques de";vierges sages  :;;;255 sider;;Les meilleurs romans étrangers;[Paris];;;['http://www.sudoc.fr/078400600'];Pas de notice trouvée dans le catalogue de la BnF
book;1932;Bojer, Johan;oiseaux blancs;;;IV, 243 s.;;;Paris;;;['http://www.sudoc.fr/002100770'];['http://catalogue.bnf.fr/ark:/12148/cb35178878r', 'http://catalogue.bnf.fr/ark:/12148/cb31836703x']
book;1932;Hamsun, Knut;Pan : d'apres les papiers du lieutenant Thomas Glahn;;;253 s.;;Les prosateurs étrangers nodernes;Paris;;;['http://www.sudoc.fr/002497204', 'http://www.sudoc.fr/066468868'];['http://catalogue.bnf.fr/ark:/12148/cb35488611n', 'http://catalogue.bnf.fr/ark:/12148/cb322202061']
book;1932;Hamsun, Knut;Mystères;;;413 s.;;Les prosateurs étrangers modernes;Paris;;;['http://www.sudoc.fr/102670714'];['http://catalogue.bnf.fr/ark:/12148/cb322202030']
book;1932;"Smedal, Gustav; Rokseth, Peter";De l'acquisition de souveraineté sur les territoires polaires;;;208 s., pl.;;;Paris;;Elektronisk reproduksjon [Norge] Nasjonalbiblioteket Digital 2012-11-22;['http://www.sudoc.fr/020268084'];['http://catalogue.bnf.fr/ark:/12148/cb31376763r']
journalArticle;1932;"Ibsen, Henrik; La Chesnais, P.G.";Œuvres complètes;Œuvres complètes;572 s.;;T. 4;;;Place: Paris;;['http://www.sudoc.fr/065731433', 'http://www.sudoc.fr/065731441', 'http://www.sudoc.fr/04789914X'];Pas de notice trouvée dans le catalogue de la BnF
book;1932;Linge, Ola;suppression des dièzes et des bémols  : l'écriture rationelle : l'écr iture directe : un progrès immense dans l'écriture et dans la terminol ogie de la musique;;;[20] s.;;;Paris;;;Pas de notice trouvée dans le Sudoc;Pas de notice trouvée dans le catalogue de la BnF
journalArticle;1932;"Ibsen, Henrik; La Chesnais, P.G.";Œuvres complètes;Œuvres complètes;642 s.;;T. 3;;;Place: Paris;"Elektronisk reproduksjon [Norge] Nasjonalbiblioteket Digital 2010-07-03; Inneholder også opplysninger om teaterstykker spilt på Bergen Theater 1851-1852, ved Det Kongelige Theater i København 1852, i Dresden 1852 og i Bergen i perioden da Ibsen var teatersjef der, samt oversettelse av folkevisen Liti Kjersti";['http://www.sudoc.fr/065731433', 'http://www.sudoc.fr/065731441', 'http://www.sudoc.fr/04789914X'];Pas de notice trouvée dans le catalogue de la BnF
book;1932;Lescoffier, Jean;dernières corrections de Au dessus des forces (I)  : d'après le manuscrit de Björnstjerne Björnson avec une introduction;;;81 s.;;;Paris;;Elektronisk reproduksjon [Norge] Nasjonalbiblioteket Digital 2016-06-03;['http://www.sudoc.fr/067455182', 'http://www.sudoc.fr/067455190', 'http://www.sudoc.fr/054278287', 'http://www.sudoc.fr/101141017', 'http://www.sudoc.fr/067455174', 'http://www.sudoc.fr/05295899X', 'http://www.sudoc.fr/102670153', 'http://www.sudoc.fr/102669325', 'http://www.sudoc.fr/071414711'];['http://catalogue.bnf.fr/ark:/12148/cb45754337j', 'http://catalogue.bnf.fr/ark:/12148/cb32377545n', 'http://catalogue.bnf.fr/ark:/12148/cb323775460']
book;1933;Christiansen, Sigurd;Deux vivants et un mort;;;255 s.;;;Paris;;;['http://www.sudoc.fr/101106041'];['http://catalogue.bnf.fr/ark:/12148/cb319453703']
book;1933;Ræstad, Arnold;responsabilités légales des organismes de radiodiffusion;;;30 s.;;;Paris;;Særtrykk av: La radiodiffusion et la paix;Pas de notice trouvée dans le Sudoc;Pas de notice trouvée dans le catalogue de la BnF
book;1933;Rokseth, Yvonne;Grieg;;;85 s., LX pl. ill.;;Maitres de la musique ancienne et moderne;Paris;;;['http://www.sudoc.fr/090583078'];['http://catalogue.bnf.fr/ark:/12148/cb35604850t']
book;1934;Permanent Court of International Justice;Legal status of Eastern Greenland : judgment of April 5th, 1933 (series A./B., fascicule no. 53) : minutes of public sittings, oral statements = Statut juridique du Groënland oriental : arrét du 5 avril 1933 ...;;;S. 2585-3282;;Séries C;Leyden;;Fransk og engelsk parallell tekst;Pas de notice trouvée dans le Sudoc;Pas de notice trouvée dans le catalogue de la BnF
journalArticle;1934;"Ibsen, Henrik; La Chesnais, P.G.";Œuvres complètes;Œuvres complètes;564 s.;;T. 6;;;Place: Paris;Elektronisk reproduksjon [Norge] Nasjonalbiblioteket Digital 2010-06-17;['http://www.sudoc.fr/065731468', 'http://www.sudoc.fr/065582551', 'http://www.sudoc.fr/047898925', 'http://www.sudoc.fr/080920357'];['http://catalogue.bnf.fr/ark:/12148/cb32334138q']
book;1934;Hjort, Johan;crise de la verité;;;275 s. ill.;;Bibliotheque de philosophie scientifique;Paris;;;Pas de notice trouvée dans le Sudoc;['http://catalogue.bnf.fr/ark:/12148/cb32249407h']
journalArticle;1934;"Ibsen, Henrik; La Chesnais, P.G.";Œuvres complètes;Œuvres complètes;623 s.;;T. 5;;;Place: Paris;Elektronisk reproduksjon [Norge] Nasjonalbiblioteket Digital 2010-06-17;['http://www.sudoc.fr/065731468', 'http://www.sudoc.fr/065582551', 'http://www.sudoc.fr/047898925', 'http://www.sudoc.fr/080920357'];['http://catalogue.bnf.fr/ark:/12148/cb32334138q']
book;1934;Smith, Olaf M.;Le statut juridique des terres polaires;;;199 s. kart;;;Paris;;;['http://www.sudoc.fr/065001982'];['http://catalogue.bnf.fr/ark:/12148/cb326367580', 'http://catalogue.bnf.fr/ark:/12148/cb31378487d', 'http://catalogue.bnf.fr/ark:/12148/cb32636759b', 'http://catalogue.bnf.fr/ark:/12148/cb31378488r']
book;1934;Egilsrud, Johan S.;"""Dialogue des morts"" dans les litteratures francaise, allemande et anglaise. (1644-1789)";;;223 s.;;;Paris;;Avhandling (doktograd);['http://www.sudoc.fr/010437045'];Pas de notice trouvée dans le catalogue de la BnF
book;1934;Ore, Øystein;corps algébriques et la théorie des idéaux;;;2 s. l., 71, [1] s.;;Mémorial des sciences mathématiques;Paris;;"""Index bibliographique"": p. 69-71.";Pas de notice trouvée dans le Sudoc;['http://catalogue.bnf.fr/ark:/12148/cb324982836']
journalArticle;1935;"Ibsen, Henrik; La Chesnais, P.G.";Œuvres complètes;Œuvres complètes;570 s.;;7;;;Place: Paris;Elektronisk reproduksjon [Norge] Nasjonalbiblioteket Digital 2010-06-17;['http://www.sudoc.fr/101435274', 'http://www.sudoc.fr/101435266', 'http://www.sudoc.fr/065731476', 'http://www.sudoc.fr/047898860'];['http://catalogue.bnf.fr/ark:/12148/cb322684081', 'http://catalogue.bnf.fr/ark:/12148/cb323341392']
book;1935;Hansen, Björge;Contribution a l'ètude de l'alcoolyse de quelques huiles;;;69 s.;;Thèse;Strasbourg;;;['http://www.sudoc.fr/129099635'];Pas de notice trouvée dans le catalogue de la BnF
book;1935;Bojer, Johan;maison et la mer  : roman;;;308 s.;;;Paris;;;Pas de notice trouvée dans le Sudoc;['http://catalogue.bnf.fr/ark:/12148/cb31836699h']
book;1935;Bojer, Johan;maison et la mer;;;S. [302]-337;;;Paris;;I: La Revue de Paris. - 42 année (1935) no 2;['http://www.sudoc.fr/002495945'];['http://catalogue.bnf.fr/ark:/12148/cb35178772d', 'http://catalogue.bnf.fr/ark:/12148/cb31836699h']
journalArticle;1935;"Ibsen, Henrik; La Chesnais, P.G.";Œuvres complètes;Œuvres complètes;467 s.;;8;;;Place: Paris;Elektronisk reproduksjon [Norge] Nasjonalbiblioteket Digital 2010-06-17;['http://www.sudoc.fr/101435274', 'http://www.sudoc.fr/101435266', 'http://www.sudoc.fr/065731476', 'http://www.sudoc.fr/047898860'];['http://catalogue.bnf.fr/ark:/12148/cb322684081', 'http://catalogue.bnf.fr/ark:/12148/cb323341392']
book;1935;Linge, Tore;conception de l'amour dans le drame de Dumas fils et d'Ibsen;;;259 s.;;Bibliothèque de la Revue de littérature comparée;Paris;;Avhandling (doktorgrad) - Université de Paris, 1935;['http://www.sudoc.fr/103141510', 'http://www.sudoc.fr/010437312'];['http://catalogue.bnf.fr/ark:/12148/cb32387182z', 'http://catalogue.bnf.fr/ark:/12148/cb34694114r', 'http://catalogue.bnf.fr/ark:/12148/cb323871839']
book;1936;Hambro, Edvard;L'execution des sentences internationales;;;148 s.;;;Paris;;;['http://www.sudoc.fr/087692724'];['http://catalogue.bnf.fr/ark:/12148/cb322188517']
book;1936;Hamsun, Knut;Vagabonds;;;446 s.;;Romans étrangers;Paris;;;['http://www.sudoc.fr/100975674'];Pas de notice trouvée dans le catalogue de la BnF
book;1936;Vauvert, Finn Duchesne de;Majordome prince des Espions;;;251 s.;;La Guerre secrète;Paris;;;Pas de notice trouvée dans le Sudoc;Pas de notice trouvée dans le catalogue de la BnF
book;1936;Nansen, Fridtjof;Vers le pôle;;;468 s. ill.;;;Paris;;;['http://www.sudoc.fr/176300058'];Pas de notice trouvée dans le catalogue de la BnF
journalArticle;1936;Undset, Sigrid;istine Lavransdatter;Christine Lavransdatter;299 s.;;[1];;;Place: Paris;;Pas de notice trouvée dans le Sudoc;Pas de notice trouvée dans le catalogue de la BnF
book;1936;Scheel, Olaf;Primo-infection tuberculeuse de l'adolescent et de l'adulte : rapport : 10. conferencia da Uniao internacional contra a tuberculose;;;41 s., pl. ill.;;;Lisboa;;;['http://www.sudoc.fr/199735484'];Pas de notice trouvée dans le catalogue de la BnF
book;1936;Birkeli, Emil;Vazimba de la cote ouest de Madagascar  : notes d'ethnologie;;;67 s. 4°;;Mémoires de l'Académie malgache;Tananarive;;Elektronisk reproduksjon [Norge] Nasjonalbiblioteket Digital 2024-04-29;['http://www.sudoc.fr/097886785', 'http://www.sudoc.fr/024748730'];['http://catalogue.bnf.fr/ark:/12148/cb31819302s']
journalArticle;1937;"Ibsen, Henrik; La Chesnais, P.G.";Œuvres complètes;Œuvres complètes;640 s.;;T. 10;;;Place: Paris;Elektronisk reproduksjon [Norge] Nasjonalbiblioteket Digital 2010-06-17;['http://www.sudoc.fr/101454961', 'http://www.sudoc.fr/06558256X', 'http://www.sudoc.fr/10145497X', 'http://www.sudoc.fr/04789881X'];['http://catalogue.bnf.fr/ark:/12148/cb32268410k']
book;1937;"Ræstad, Arnold; International Institute of Intellectual Co-operation; International Studies Conference";Mémoire sur les procédures de changements pacifiques : contribution personnelle;;;21 s. 30 cm;;;Paris;;Over tittelen: Conférence permanente des hautes études internationales, Xème session, Paris 18 juin-3 juillet 1937;Pas de notice trouvée dans le Sudoc;Pas de notice trouvée dans le catalogue de la BnF
book;1937;Grieg, Nordahl;Mais demain- : pièce en trois actes et six tableaux;;;110 s.;;Petite bibliothèque théatrale;Paris;;;['http://www.sudoc.fr/055869378'];['http://catalogue.bnf.fr/ark:/12148/cb32194580h']
book;1937;Hamsun, Knut;éveil de la glèbe;;;414 s.;;;Paris;;;['http://www.sudoc.fr/100910653'];['http://catalogue.bnf.fr/ark:/12148/cb322201956']
book;1937;"Sømme, Axel; International Institute of Intellectual Co-operation; International Studies Conference";Conclusions préliminaires du Mémoire;;;24 s. 30 cm;;;Paris;;Over tittelen: Conférence permanente des hautes études internationales, Xème session, Paris 18 juin-3 juillet 1937, Conférence générale d'études sur le règlement pacifique des problèmes internationaux;Pas de notice trouvée dans le Sudoc;Pas de notice trouvée dans le catalogue de la BnF
book;1937;Gauguin, Pola;Paul Gauguin : mon pere;;;285 s.;;;Paris;;;Pas de notice trouvée dans le Sudoc;Pas de notice trouvée dans le catalogue de la BnF
book;1937;Berggrav, Eivind;Borée : des pêcheurs des Lofoten aux lapons des toundras;;;182 s., pl. ill.;;;Neuchatel;;;['http://www.sudoc.fr/028777433'];Pas de notice trouvée dans le catalogue de la BnF
journalArticle;1937;"Ibsen, Henrik; La Chesnais, P.G.";Œuvres complètes;Œuvres complètes;564 s.;;T. 9;;;Place: Paris;"Elektronisk reproduksjon [Norge] Nasjonalbiblioteket Digital 2010-06-17; Inneholder også biografisk stoff, reiser, dikt og brev";['http://www.sudoc.fr/101454961', 'http://www.sudoc.fr/06558256X', 'http://www.sudoc.fr/10145497X', 'http://www.sudoc.fr/04789881X'];['http://catalogue.bnf.fr/ark:/12148/cb32268410k']
book;1937;Bojer, Johan;jour et la nuit  : roman;;;268 s.;;;Paris;;;['http://www.sudoc.fr/046269622', 'http://www.sudoc.fr/001819526'];['http://catalogue.bnf.fr/ark:/12148/cb35178722v']
book;1938;"Ibsen, Henrik; Prozor, M.";"canard sauvage ; Rosmersholm";;;326 s.;;;Paris;;"Elektronisk reproduksjon [Norge] Nasjonalbiblioteket Digital 2010-11-12; Originaltitler: Vildanden ; Rosmersholm";Pas de notice trouvée dans le Sudoc;Pas de notice trouvée dans le catalogue de la BnF
journalArticle;1938;Undset, Sigrid;istine Lavransdatter;Christine Lavransdatter;444 s.;;[3];;;Place: Paris;;Pas de notice trouvée dans le Sudoc;Pas de notice trouvée dans le catalogue de la BnF
journalArticle;1938;Undset, Sigrid;istine Lavransdatter;Christine Lavransdatter;428 s.;;[2];;;Place: Paris;;Pas de notice trouvée dans le Sudoc;Pas de notice trouvée dans le catalogue de la BnF
book;1938;Ingstad, Helge;Mes chasses dans la toundra canadienne : souvenirs d'un trappeur;;;280 s. kart, pl.;;Bibliothèque géographique;Paris;;;['http://www.sudoc.fr/067165036'];['http://catalogue.bnf.fr/ark:/12148/cb32270595b']
journalArticle;1939;"Ibsen, Henrik; La Chesnais, P.G.";es complètes;Œuvres complètes;654 s.;;11;;;Place: Paris;Elektronisk reproduksjon [Norge] Nasjonalbiblioteket Digital 2010-06-18;Pas de notice trouvée dans le Sudoc;Pas de notice trouvée dans le catalogue de la BnF
book;1939;Aall, Christian Hiorth;Contribution a l'etude du carbure de calcium industriel : Thèse;;;179 s. ill.;;;Grenoble;;"Avhandling; Elektronisk reproduksjon [Norge] Nasjonalbiblioteket Digital 2014-11-19; Proposition dennee par la Faculte";Pas de notice trouvée dans le Sudoc;Pas de notice trouvée dans le catalogue de la BnF
book;1939;"Boye, Th; Academie de droit international";Quelques aspects du developpement des regles de la neutralite;;;72 s.;;;Paris;;;Pas de notice trouvée dans le Sudoc;Pas de notice trouvée dans le catalogue de la BnF
book;1939;Gulbranssen, Trygve;Là-bas - chante la forêt : roman;;;287 s.;;;Paris;;;Pas de notice trouvée dans le Sudoc;['http://catalogue.bnf.fr/ark:/12148/cb322099490']
book;1940;Larsen, Sverre;Les indications de l'opération césarienne lorsque l'enfant est mort;;;S. [13]-33;;;Paris;;Avhandling (doktorgrad) - Paris;['http://www.sudoc.fr/121005356'];['http://catalogue.bnf.fr/ark:/12148/cb323508817']
journalArticle;1940;"Ibsen, Henrik; La Chesnais, P.G.";es complètes;Œuvres complètes;445 s.;;T. 12;;;Place: Paris;;Pas de notice trouvée dans le Sudoc;Pas de notice trouvée dans le catalogue de la BnF
book;1941;Undset, Sigrid;Onze années : roman;;;294 s.;;;Paris;;;['http://www.sudoc.fr/064370895'];['http://catalogue.bnf.fr/ark:/12148/cb31511994g']
book;1941;Nagell, Trygve;Sur la classification des cubiques planes du premier genrepar des transformations birationnelles dans un domaine de rationalite quelconque;;;;;Nova acta Regiae societatis scientiarum Upsaliensis;Uppsala;;;Pas de notice trouvée dans le Sudoc;Pas de notice trouvée dans le catalogue de la BnF
journalArticle;1941;Bojer, Johan;Les hommes du roi : roman;Les hommes du roi;177 s.;;1;;;Place: Paris;;['http://www.sudoc.fr/102716366'];['http://catalogue.bnf.fr/ark:/12148/cb36010935j', 'http://catalogue.bnf.fr/ark:/12148/cb360109346', 'http://catalogue.bnf.fr/ark:/12148/cb31836696g']
journalArticle;1941;"Ibsen, Henrik; La Chesnais, P.G.";es complètes;Œuvres complètes;772 s.;;T. 13;;;Place: Paris;;Pas de notice trouvée dans le Sudoc;Pas de notice trouvée dans le catalogue de la BnF
book;1942;Eitrem, S.;Trone et sceptre;;;S. 189-201 ill. 4°;;;København;;"Av: From the collections of the Ny Carlsberg Glyptotek; Behandler et marmorrelieff i museet";Pas de notice trouvée dans le Sudoc;Pas de notice trouvée dans le catalogue de la BnF
book;1942;Nagell, Trygve;Sur la resolubilite des equations dophantiennes cubiques a deux inconnues dans un domaine relativement algebrique;;;34 s.;;Nova acta Regiae societatis scientiarum Upsaliensis;Uppsala;;;Pas de notice trouvée dans le Sudoc;Pas de notice trouvée dans le catalogue de la BnF
book;1943;Falkberget, Johan;Lisbet sur la montagne : roman;;;234 s.;;;Paris;;;['http://www.sudoc.fr/101226519'];['http://catalogue.bnf.fr/ark:/12148/cb32090907d']
book;1943;"Bakke, Arnold; Norges ambassade, Bern";Edvard Grieg : 15. VI. 1843 - 4. IX. 1907;;;32 s. ill.;;;Berne;;;Pas de notice trouvée dans le Sudoc;Pas de notice trouvée dans le catalogue de la BnF
book;1943;Kinck, Hans E.;anemone des chaumes  : nouvelles;;;221 s.;;Collection scandinave;Paris;;;['http://www.sudoc.fr/101254121'];['http://catalogue.bnf.fr/ark:/12148/cb323083912']
book;1943;Grieg, Nordahl;Avec les aviateurs norvégiens en Islande;;;8 s.;;;London;;Særtrykk av: La France libre, 15. mai 1943;['http://www.sudoc.fr/094645965'];Pas de notice trouvée dans le catalogue de la BnF
book;1943;Østby, Jan;Roald Amundsen : sa vie et ses expéditions;;;205 s., pl. ill.;;Collection Traducta;Bruxelles;;;Pas de notice trouvée dans le Sudoc;Pas de notice trouvée dans le catalogue de la BnF
book;1944;Aadahl, Thorvald;voute  : roman de moeurs norvégiennes;;;278 s.;;;Paris;;;['http://www.sudoc.fr/101091613'];Pas de notice trouvée dans le catalogue de la BnF
book;1944;Undset, Sigrid;Vers l'avenir : l'odyssée d'une Norvégienne : Oslo - Lillehammer Stockholm - Moscou - Vladivostok - Kobe - Kyoto - New York;;;200 s.;;"Collection ""Le Beffroi""";Lausanne;;;['http://www.sudoc.fr/102565899'];Pas de notice trouvée dans le catalogue de la BnF
book;1944;Haalke, Magnhild;fils d'Alli  : roman;;;251 s. ill.;;;Bruxelles;;;Pas de notice trouvée dans le Sudoc;Pas de notice trouvée dans le catalogue de la BnF
book;1944;Frogner, Carsten;front invisible;;;201 s.;;"Collection ""Le beffroi""";Lausanne;;;['http://www.sudoc.fr/092962688'];Pas de notice trouvée dans le catalogue de la BnF
book;1945;Haukland, Andreas;Helge le viking;;;179 s. ill.;;;Paris;;;['http://www.sudoc.fr/04779870X'];['http://catalogue.bnf.fr/ark:/12148/cb32226913p']
journalArticle;1945;"Ibsen, Henrik; La Chesnais, P.G.";es complètes;Œuvres complètes;659 s.;;T. 14;;;Place: Paris;Elektronisk reproduksjon [Norge] Nasjonalbiblioteket Digital 2010-06-17;Pas de notice trouvée dans le Sudoc;Pas de notice trouvée dans le catalogue de la BnF
journalArticle;1945;"Ibsen, Henrik; La Chesnais, P.G.";Œuvres complètes;Œuvres complètes;446 s.;;T. 16;;;Place: Paris;"Elektronisk reproduksjon [Norge] Nasjonalbiblioteket Digital 2010-08-23; Inneholder også manuskriptene til verkene.";['http://www.sudoc.fr/066579376', 'http://www.sudoc.fr/008127204', 'http://www.sudoc.fr/101463251', 'http://www.sudoc.fr/008125198', 'http://www.sudoc.fr/120515725', 'http://www.sudoc.fr/065582586'];['http://catalogue.bnf.fr/ark:/12148/cb42484760v', 'http://catalogue.bnf.fr/ark:/12148/cb32334146b', 'http://catalogue.bnf.fr/ark:/12148/cb323341450', 'http://catalogue.bnf.fr/ark:/12148/cb387043385']
book;1945;Kielland, Axel;Vivre dangereusement!;;;243 s.;;;Neuchatel;;;Pas de notice trouvée dans le Sudoc;Pas de notice trouvée dans le catalogue de la BnF
book;1945;Reiss-Andersen, Gunnar;Trois poèmes;;;[14] bl. 30 cm;;;;;"Hentet fra: Espace : revue mensuelle pour la defence des lettres, h. 2, 1945; Oversatt av Jean Lescoffier";Pas de notice trouvée dans le Sudoc;Pas de notice trouvée dans le catalogue de la BnF
book;1945;Worm-Müller, Jacob S.;Norvège sous le joug allemand;;;62 s.;;;Paris;;;['http://www.sudoc.fr/087136082'];Pas de notice trouvée dans le catalogue de la BnF
journalArticle;1945;"Ibsen, Henrik; La Chesnais, P.G.";res complètes;Œuvres complètes;469 s.;;T. 15;;;Place: Paris;;Pas de notice trouvée dans le Sudoc;Pas de notice trouvée dans le catalogue de la BnF
book;1945;Kristiansen, Kristian;grande épreuve;;;264 s.;;La Caravelle;Lausanne;;;Pas de notice trouvée dans le Sudoc;Pas de notice trouvée dans le catalogue de la BnF
book;1945;Ingstad, Helge;Klondyke Bill;;;203 s.;;;Bruxelles;;;['http://www.sudoc.fr/100719872'];Pas de notice trouvée dans le catalogue de la BnF
book;1946;Bojer, Johan;Souvenirs de jeunesse;;;S. [11]-31;;;Paris;;I: Revue de Paris. - 53e année (1935) no 10;Pas de notice trouvée dans le Sudoc;Pas de notice trouvée dans le catalogue de la BnF
book;1946;Gullvåg, Olav;Nous deux;;;372 s.;;Collection la Caravelle;Lausanne;;;Pas de notice trouvée dans le Sudoc;Pas de notice trouvée dans le catalogue de la BnF
book;1946;Haalke, Magnhild;fils d'Alli  : roman;;;280 s.;;Collection escales;Paris;;;['http://www.sudoc.fr/101239181'];['http://catalogue.bnf.fr/ark:/12148/cb32213149j']
book;1946;"Danielssen, D.C.; Boeck, Carl Wilhelm; Souza-Araujo, Heraclides-Cesar de";Atlas de la lèpre;;;57 bl. ill., port. f°;;;Rio de Janeiro;;;Pas de notice trouvée dans le Sudoc;Pas de notice trouvée dans le catalogue de la BnF
book;1946;Undset, Sigrid;Madame Dorthéa : roman;;;287 s.;;Bibliotheque scandinave;Paris;;;['http://www.sudoc.fr/102565309'];['http://catalogue.bnf.fr/ark:/12148/cb37490167f']
book;1946;Nagell, Trygve;points exceptionnels sur les cubiques planes du premier genre;;;34 s.;;Nova acta Regiae societatis scientiarum Upsaliensis;Uppsala;;;Pas de notice trouvée dans le Sudoc;Pas de notice trouvée dans le catalogue de la BnF
book;1946;Rølvaag, O.E.;Pionniers : roman;;;303 s.;;;Bruxelles;;;['http://www.sudoc.fr/102653399'];Pas de notice trouvée dans le catalogue de la BnF
book;1946;Elster, Kristian;Nuages d'eté;;;235 s.;;;Bruxelles;;;['http://www.sudoc.fr/101201095'];['http://catalogue.bnf.fr/ark:/12148/cb320755042']
book;1947;Bojer, Johan;puissance du mensonge  : roman;;;358 s.;;;Paris;;;Pas de notice trouvée dans le Sudoc;['http://catalogue.bnf.fr/ark:/12148/cb318367079']
book;1947;Bojer, Johan;apprenti  : souvenirs;;;242 s.;;;Paris;;;Pas de notice trouvée dans le Sudoc;Pas de notice trouvée dans le catalogue de la BnF
book;1947;Bojer, Johan;dernier viking  : roman;;;284 s.;;;Paris;;;Pas de notice trouvée dans le Sudoc;Pas de notice trouvée dans le catalogue de la BnF
book;1947;Undset, Sigrid;orchidées blanches  : roman;;;445 s.;;;Bruxelles;;;['http://www.sudoc.fr/102565759', 'http://www.sudoc.fr/046068449'];Pas de notice trouvée dans le catalogue de la BnF
book;1948;Undset, Sigrid;buisson ardent  : roman;;;445 s.;;;Bruxelles;;;['http://www.sudoc.fr/046068422'];Pas de notice trouvée dans le catalogue de la BnF
book;1948;Haukelid, Knut;épopée de l'eau lourde;;;203 s., pl. ill.;;;Paris;;Senere norske utgaver med tittel: Kampen om tungtvannet;Pas de notice trouvée dans le Sudoc;['http://catalogue.bnf.fr/ark:/12148/cb32226910n']
book;1948;Just, Ole;Au dessus des mers et des frontiéres : le grand mouvement migratoire de notre siècle : bases démographiques et économiques de la fédération occidentale;;;333 s.;;;Rio de Janeiro;;Elektronisk reproduksjon [Norge] Nasjonalbiblioteket Digital 2014-12-16;Pas de notice trouvée dans le Sudoc;Pas de notice trouvée dans le catalogue de la BnF
book;1949;"Bojer, Johan; Coussange, Jacques de";visage du monde  : roman : texte intégral;;;126 s.;;Le chef d'oeuvre, Mensuel littérare;Paris;;"Inneholder også en artikkel om Johan Bojer; Katalogisert etter omslaget; Oversatt av Jaques de Coussance";Pas de notice trouvée dans le Sudoc;['http://catalogue.bnf.fr/ark:/12148/cb326584958']
book;1949;"Munch, Edvard; Gran, Henning";Edvard Munch : oeuvres graphiques : exposition placée sous le haut patronage de l'Ambassade de Norvége à Paris et de l'U.N.E.S.C.O du 28 juin au 15 juillet 1949;;;[2] bl. (1 fold.);;;Paris;;"Innledende tekst av Henning Gran; Utstillingskatalog";Pas de notice trouvée dans le Sudoc;Pas de notice trouvée dans le catalogue de la BnF
book;1949;"Undset, Sigrid; Hammar, T.";femme fidèle  : roman;;;296 s.;;;Paris;;;['http://www.sudoc.fr/19630122X'];['http://catalogue.bnf.fr/ark:/12148/cb37471339k']
book;1949;Størmer, Carl;Quelques résultats des observations et des mesures photographiques d'aurores boréales dans la Norvège méridienale depuis 1911;;;34 s. ill.;;Chalmers tekniska högskolas handlingar (trykt utg.);Göteborg;;;Pas de notice trouvée dans le Sudoc;Pas de notice trouvée dans le catalogue de la BnF
book;1949;Undset, Sigrid;Jenny : roman;;;302 s.;;Collection scandinave;Paris;;;Pas de notice trouvée dans le Sudoc;['http://catalogue.bnf.fr/ark:/12148/cb315119814']
book;1949;;Norvége boréale;;;S. [71]-81 ill. 31 cm;;;Paris;;"Av: La Revue française de l'élite. 1949, avril; Inneholder bidrag av norske of franske";Pas de notice trouvée dans le Sudoc;Pas de notice trouvée dans le catalogue de la BnF
book;1949;Gulbranssen, Trygve;souffle de la montagne  : roman;;;230 s.;;;Paris;;;Pas de notice trouvée dans le Sudoc;Pas de notice trouvée dans le catalogue de la BnF
book;1949;Bojer, Johan;compagnon  : souvenirs;;;355 s.;;;Paris;;;['http://www.sudoc.fr/001819364'];['http://catalogue.bnf.fr/ark:/12148/cb35178566x', 'http://catalogue.bnf.fr/ark:/12148/cb318366865']
book;1950;Hamsun, Knut;Faim;;;249 s. port.;;;Paris;;;['http://www.sudoc.fr/120454548'];['http://catalogue.bnf.fr/ark:/12148/cb322201987', 'http://catalogue.bnf.fr/ark:/12148/cb32606008w', 'http://catalogue.bnf.fr/ark:/12148/cb32220199k']
book;1950;Rølvaag, O.E.;Fils de pionniers : roman;;;363 s.;;;Paris;;;Pas de notice trouvée dans le Sudoc;Pas de notice trouvée dans le catalogue de la BnF
book;1950;"Palais des beaux-arts (Brussel); Belgia";Siecle de peinture norvegienne;;;34 s., [12] bl. ill.;;;Bruxelles;;Over tittelen: Ministere de l'instruction publique;Pas de notice trouvée dans le Sudoc;Pas de notice trouvée dans le catalogue de la BnF
book;1950;"Hamsun, Knut; Sautreau, Georges; Le club francais du livre; Le club francais du livre";faim;;;267 s.;;Romans;Paris;;"Begrenset opplag utenfor salg, eks. 365/3000; ""Reproduit avec l'autorisation des Presses Universitaires de France "" - tittelbladets bakside";Pas de notice trouvée dans le Sudoc;Pas de notice trouvée dans le catalogue de la BnF
journalArticle;1950;Undset, Sigrid;Olav Audunssœn;Olav Audunssœn;372 s.;;4;;;Place: Paris;;['http://www.sudoc.fr/102565635', 'http://www.sudoc.fr/078400589', 'http://www.sudoc.fr/105855731'];['http://catalogue.bnf.fr/ark:/12148/cb322042088']
book;1950;"Undset, Sigrid; Metzger, M.; Hammar, Thekla";Ida-Elisabeth : roman;;;342 s.;;;Bruxelles;;;['http://www.sudoc.fr/046068414'];Pas de notice trouvée dans le catalogue de la BnF
journalArticle;1950;Undset, Sigrid;Olav Audunssœn;Olav Audunssœn;412 s.;;1;;;Place: Paris;;['http://www.sudoc.fr/102565635', 'http://www.sudoc.fr/078400589', 'http://www.sudoc.fr/105855731'];['http://catalogue.bnf.fr/ark:/12148/cb322042088']
journalArticle;1950;Undset, Sigrid;Olav Audunssœn;Olav Audunssœn;271 s.;;3;;;Place: Paris;;['http://www.sudoc.fr/102565635', 'http://www.sudoc.fr/078400589', 'http://www.sudoc.fr/105855731'];['http://catalogue.bnf.fr/ark:/12148/cb322042088']
book;1950;Hamsun, Knut;faim;;;284 s. port. 23 cm;;Grand prix des meilleurs romans étrangers;Paris;;;['http://www.sudoc.fr/120454548'];['http://catalogue.bnf.fr/ark:/12148/cb322201987', 'http://catalogue.bnf.fr/ark:/12148/cb32606008w', 'http://catalogue.bnf.fr/ark:/12148/cb32220199k']
journalArticle;1950;Undset, Sigrid;Olav Audunssœn;Olav Audunssœn;315 s.;;2;;;Place: Paris;;['http://www.sudoc.fr/102565635', 'http://www.sudoc.fr/078400589', 'http://www.sudoc.fr/105855731'];['http://catalogue.bnf.fr/ark:/12148/cb322042088']
